<?xml version="1.0" encoding="UTF-8"?>
<addon id="skin.bello.KU18" version="09.04.19" name="Bello KUPremium K18" provider-name="Nessus,eQUIV,iCanuck,Kyo,AdamB">
  <requires>
		<import addon="xbmc.gui" version="5.14.0" />
		<import addon="script.skinshortcuts" version="1.0.17" />		
		<import addon="script.extendedinfo" version="5.6.0" />
		<import addon="service.library.data.provider" version="0.3.0" />
		<import addon="script.skin.helper.widgets" version="1.0.22" />
		<import addon="script.grab.fanart" version="0.14.1" />
	</requires>
	<extension point="xbmc.gui.skin" debugging="false" effectslowdown="0.75">
	    <res width="1280" height="720" aspect="16:9" default="true" folder="xml" />
	</extension>
  <extension point="xbmc.addon.metadata">
    <summary lang="af">'n GUI vir Kodi Media Sentrum</summary>
    <summary lang="ar">واجهة رسومية لمركز الوسائط Kodi</summary>
    <summary lang="bg">Потребителски интерфейс за Kodi</summary>
    <summary lang="ca">Una interfície gràfica per a l'Kodi</summary>
    <summary lang="da">En GUI til Kodi Media Center</summary>
    <summary lang="de">Ein GUI für das Kodi Media Center</summary>
    <summary lang="el">Ένα Γραφικό Περιβάλλον για το Kodi</summary>
    <summary lang="en">A GUI for Kodi Media Center</summary>
    <summary lang="en_AU">A GUI for Kodi Media Centre</summary>
    <summary lang="en_NZ">A GUI for Kodi Media Centre</summary>
    <summary lang="en_US">A GUI for Kodi Media Center</summary>
    <summary lang="es">Una interfaz gráfica para Kodi</summary>
    <summary lang="fr">Un thème pour Kodi Media Center</summary>
    <summary lang="fr_CA">Une IUG pour le centre multimédia Kodi </summary>
    <summary lang="gl">Un GUI para Centro de Medios Kodi</summary>
    <summary lang="he">ממשק משתמש עבור Kodi מדיה סנטר</summary>
    <summary lang="hu">Felszín az  Kodi Média centerhez</summary>
    <summary lang="it">Un Interfaccia per Kodi Media Center</summary>
    <summary lang="ja">Kodi メディアセンター用 GUI</summary>
    <summary lang="ko">Kodi Media Center를 위한 그래픽 사용자 인터페이스</summary>
    <summary lang="lt">Kodi media centro GUI</summary>
    <summary lang="ms">GUI untuk Pusat Media Kodi</summary>
    <summary lang="nl">Een gebruikersinterface voor Kodi Media Center </summary>
    <summary lang="pl">Interfejs użytkownika dla Kodi Media Center</summary>
    <summary lang="pt">Uma Interface para o Centro de Média Kodi</summary>
    <summary lang="pt_BR">Uma interface gráfica para o Kodi Media Center</summary>
    <summary lang="ru">Обложка для Kodi</summary>
    <summary lang="sl">Uporabniški vmesnik za medijsko središče Kodi</summary>
    <summary lang="sv">Ett grafiskt användargränssnitt för Kodi</summary>
    <summary lang="th">ส่วนติดต่อผู้ใช้ สำหรับศูนย์รวมสื่อ Kodi</summary>
    <summary lang="tr">Kodi Media Center İçin Arayüz</summary>
    <summary lang="zh">Kodi媒体中心的一个图形用户界面</summary>
    <summary lang="zh_TW">一個 Kodi 多媒體中心的圖形介面</summary>
    <description lang="bg">Bello Nero е MOD версия на Bello 6 skin, създадена от Nessus. Модифициран от eQUIV - iCanuck и актуализиран за Kodi Leia 18.xx от Kyo. В тази актуализация на Bello Nero MOD изключително специално inprint, се опитвам да дам повече функционалност и нови функции на кожата, като същевременно се придържам възможно най-стриктно към оригиналния външен вид и стил на Bello 6.</description>
    <description lang="de">Bello Nero ist eine MOD-Version von Bello 6 Skin von Nessus. Modifiziert von eQUIV - iCanuck und aktualisiert für Kodi Leia 18.xx von Kyo. In diesem Update des Bello Nero MOD, das besonders ausdrucksstark ist, habe ich versucht, der Haut mehr Funktionalität und neue Features zu geben und dabei so konsequent wie möglich an den ursprünglichen Look und Stil von Bello 6 zu erinnern.</description>
    <description lang="el">Το Bello Nero είναι μια έκδοση MOD του δέρματος Bello 6 που δημιουργήθηκε από τον Nessus. Τροποποιήθηκε από το eQUIV - iCanuck και ενημερώθηκε για το Kodi Leia 18.xx από την Kyo. Σε αυτήν την ενημέρωση του Bello Nero MOD εξαιρετικά ιδιαίτερη inprint, προσπαθώ να δώσω περισσότερη λειτουργικότητα και νέες δυνατότητες στο δέρμα ενώ κολλάω όσο το δυνατόν αυστηρότερα στην αρχική εμφάνιση και στυλ του Bello 6.</description>
    <description lang="en">Bello Nero it's a MOD version of Bello 6 skin created by Nessus. Modded by eQUIV - iCanuck and updated for Kodi Leia 18.xx by Kyo. In this update of Bello Nero MOD exceptionally particular inprint, i've try to give more functionality and new features to the skin while sticking as rigorously as possible to the original look and style of Bello 6.</description>
    <description lang="en_AU">Bello Nero it's a MOD version of Bello 6 skin created by Nessus. Modded by eQUIV - iCanuck and updated for Kodi Leia 18.xx by Kyo. In this update of Bello Nero MOD exceptionally particular inprint, i've try to give more functionality and new features to the skin while sticking as rigorously as possible to the original look and style of Bello 6.</description>
    <description lang="en_NZ">Bello Nero it's a MOD version of Bello 6 skin created by Nessus. Modded by eQUIV - iCanuck and updated for Kodi Leia 18.xx by Kyo. In this update of Bello Nero MOD exceptionally particular inprint, i've try to give more functionality and new features to the skin while sticking as rigorously as possible to the original look and style of Bello 6.</description>
    <description lang="en_US">Bello Nero it's a MOD version of Bello 6 skin created by Nessus. Modded by eQUIV - iCanuck and updated for Kodi Leia 18.xx by Kyo. In this update of Bello Nero MOD exceptionally particular inprint, i've try to give more functionality and new features to the skin while sticking as rigorously as possible to the original look and style of Bello 6.</description>
    <description lang="es">Bello Nero es una versión MOD de la piel Bello 6 creada por Nessus. Modificado por eQUIV - iCanuck y actualizado para Kodi Leia 18.xx por Kyo. En esta actualización de Bello Nero MOD excepcionalmente particular, he tratado de darle más funcionalidad y nuevas características a la piel, pegándome lo más rigurosamente posible a la apariencia original y el estilo de Bello 6.</description>
    <description lang="fr">Bello Nero c'est une version MOD de la peau Bello 6 créée par Nessus. Modifié par eQUIV - iCanuck et mis à jour pour Kodi Leia 18.xx par Kyo. Dans cette mise à jour de Bello Nero MOD exceptionnellement particulière, j'ai essayé de donner plus de fonctionnalités et de nouvelles fonctionnalités à la peau tout en collant aussi rigoureusement que possible à l'aspect et au style originaux de Bello 6.</description>
    <description lang="fr_CA">Bello Nero c'est une version MOD de la peau Bello 6 créée par Nessus. Modifié par eQUIV - iCanuck et mis à jour pour Kodi Leia 18.xx par Kyo. Dans cette mise à jour de Bello Nero MOD exceptionnellement particulière, j'ai essayé de donner plus de fonctionnalités et de nouvelles fonctionnalités à la peau tout en collant aussi rigoureusement que possible à l'aspect et au style originaux de Bello 6.</description>
    <description lang="gl">Bello Nero é unha versión MOD da pel Bello 6 creada por Nessus. Modded por eQUIV e iCanuck e actualizado por Kodi Leia 18.xx por Kyo. Nesta actualización de Bello Nero MOD, unha impresión excepcionalmente particular, intento darlle máis funcionalidades e novas características á pel mentres se pegue de forma tan rigor como sexa posible ao aspecto orixinal e ao estilo de Bello 6.</description>
    <description lang="he">בלו Nero זוהי גרסה MOD של Bello 6 העור שנוצרו על ידי נסוס. Modded על ידי eQUIV - iCanuck ו מעודכן עבור Kodi Leia 18.xx על ידי Kyo. בעדכון זה של בלו Nero MOD מיוחד במיוחד inprint, אני כבר מנסה לתת פונקציונליות יותר תכונות חדשות על העור בעת דבק כפי קפדני ככל האפשר את המראה המקורי ואת הסגנון של Bello 6.</description>
    <description lang="hu">Bello Nero ez egy MOD-változata a Bello 6 bőrnek, amit Nessus készített. Az eQUIV - iCanuck modifikálta és a Kyo Code Leia 18.xx-ről frissített. A Bello Nero MOD frissítésénél különösen kivételes nyomtatásban törekedtem arra, hogy több funkciót és új funkciót biztosítson a bőrnek, miközben szigorúan ragaszkodik a Bello 6 eredeti megjelenéséhez és stílusához.</description>
    <description lang="it">Bello Nero è una versione MOD della pelle Bello 6 creata da Nessus. Modificata da eQUIV - iCanuck e aggiornata per Kodi Leia 18.xx di Kyo. In questo aggiornamento di Bello Nero MOD, ho dato un inprint particolare, cercando di dare più funzionalità e nuove funzionalità alla skin, seguendo il più rigorosamente possibile il look e lo stile originale di Bello 6.</description>
    <description lang="ko">Bello Nero는 Nessus가 만든 Bello 6 스킨의 MOD 버전입니다. eQUIV - iCanuck에 의해 수정되고 Kyo의 Kodi Leia 18.xx 용으로 업데이트되었습니다. 매우 특별한 inprint의 Bello Nero MOD의 이번 업데이트에서, Bello 6의 원래 모양과 스타일에 가능한 한 엄격하게 고착하면서 더 많은 기능과 새로운 기능을 피부에 부여하려고 노력했습니다.</description>
    <description lang="lt">Bello Nero - "Nessus" sukurta "Bello 6" odos MOD versija. Modified by eQUIV - iCanuck ir atnaujintas Kodi Leia 18.xx pagal Kyo. Šiame "Bello Nero MOD" atnaujinime, ypač išskirtinėje inprintoje, aš bandžiau suteikti daugiau funkcijų ir naujų funkcijų odai, kuo labiau griežtai laikydamasi originalaus Bello 6 išvaizdos ir stiliaus.</description>
    <description lang="ms">Bello Nero itu merupakan versi MOD dari kulit Bello 6 yang dicipta oleh Nessus. Modded oleh eQUIV - iCanuck dan dikemas kini untuk Kodi Leia 18.xx oleh Kyo. Dalam kemas kini ini Bello Nero MOD sangat istimewa, saya telah cuba memberikan lebih banyak fungsi dan ciri-ciri baru kepada kulit sambil melekat dengan ketat mungkin ke rupa asal dan gaya Bello 6.</description>
    <description lang="nl">Bello Nero het is een MOD-versie van Bello 6 skin gemaakt door Nessus. Gewijzigd door eQUIV - iCanuck en bijgewerkt voor Kodi Leia 18.xx door Kyo. In deze update van Bello Nero MOD uitzonderlijk bijzonder in print, heb ik geprobeerd meer functionaliteit en nieuwe functies aan de huid te geven, terwijl ik zo rigoureus mogelijk aan de originele look en stijl van Bello 6 blijf.</description>
    <description lang="pl">Bello Nero to wersja MOD skórki Bello 6 stworzonej przez Nessusa. Zmodyfikowany przez eQUIV i iCanuck i zaktualizowany dla Kodi Leia 18.xx przez Kyo. W tej aktualizacji bardzo modnego modelu Bello Nero staram się nadać skórze bardziej funkcjonalny wygląd i nowe funkcje, przy zachowaniu rygorystycznej jak to tylko możliwe oryginalnej stylizacji i stylu Bello 6.</description>
    <description lang="pt_BR">Bello Nero é uma versão MOD da pele Bello 6 criada por Nessus. Modificado por eQUIV - iCanuck e atualizado para Kodi Leia 18.xx por Kyo. Nesta atualização do Bello Nero MOD excepcionalmente particular inprint, eu tento dar mais funcionalidades e novos recursos à pele enquanto cola o mais rigorosamente possível o aspecto original e o estilo do Bello 6.</description>
    <description lang="ru">Bello Nero - это версия MOD Bello 6, созданная Nessus. Модифицировано eQUIV - iCanuck и обновлено для Kodi Leia 18.xx от Kyo. В этом обновлении Bello Nero MOD исключительно индивидуальный отпечаток, я стараюсь придать больше функциональности и новых функций коже, придерживаясь как можно более строгого стиля и стиля Bello 6.</description>
    <description lang="sv">Bello Nero Det är en MOD-version av Bello 6-skin som skapats av Nessus. Modifierad av eQUIV - iCanuck och uppdaterad för Kodi Leia 18.xx av Kyo. I den här uppdateringen av Bello Nero MOD, speciellt inprint, har jag försökt att ge mer funktionalitet och nya funktioner till huden samtidigt som jag håller så strikt som möjligt på Bello 6s ursprungliga utseende och stil.</description>
    <description lang="tr">Bello Nero, Nessus'un yarattığı Bello 6 cildinin MOD versiyonudur. EQUIV ve iCanuck tarafından modifiye edildi ve Kodi Leia 18.xx için Kyo tarafından güncellendi. Bello Nero MOD'un son derece özel olan inprint'deki bu güncellemesinde, cildime daha fazla işlevsellik ve yeni özellik kazandırmaya çalıştım, Bello 6 orijinal görünümüne ve stiline olabildiğince titizlikle yapıştım.</description>
    <description lang="zh">Bello Nero是Nessus创造的Bello 6皮肤的MOD版本。 由eQUIV＆iCanuck改装，由Kyo更新为Kodi Leia 18.xx。 在Bello Nero MOD更新中，我特别尝试给皮肤更多功能和新功能，同时尽可能严格地遵循Bello 6的原始外观和风格。</description>
    <disclaimer lang="af">Muis gebruik word nie ondersteun</disclaimer>
    <disclaimer lang="ar">غير معتمد استخدام الماوس</disclaimer>
    <disclaimer lang="bg">Ползването на мишка не се поддържа</disclaimer>
    <disclaimer lang="ca">L'ús del ratolí no està suportat</disclaimer>
    <disclaimer lang="da">Mus understøttes ikke</disclaimer>
    <disclaimer lang="de">Verwendung der Maus wird nicht unterstützt</disclaimer>
    <disclaimer lang="el">Χωρίς υποστήριξη για ποντίκι</disclaimer>
    <disclaimer lang="en">Mouse usage is not supported</disclaimer>
    <disclaimer lang="en_AU">Mouse usage is not supported</disclaimer>
    <disclaimer lang="en_NZ">Mouse usage is not supported</disclaimer>
    <disclaimer lang="en_US">Mouse usage is not supported</disclaimer>
    <disclaimer lang="es">El uso de ratón no esta soportado</disclaimer>
    <disclaimer lang="fr">L'utilisation de la souris n'est pas supportée.</disclaimer>
    <disclaimer lang="fr_CA">L'utilisation de la souris n'est pas prise en charge</disclaimer>
    <disclaimer lang="gl">Uso do rato non soportado</disclaimer>
    <disclaimer lang="he">אין תמיכה בעכבר</disclaimer>
    <disclaimer lang="hu">Egér használata nem támogatott</disclaimer>
    <disclaimer lang="it">L'utilizzo del mouse non è supportato</disclaimer>
    <disclaimer lang="ko">마우스 지원 안 함</disclaimer>
    <disclaimer lang="lt">Pelės naudojimas nepalaikomas</disclaimer>
    <disclaimer lang="mk">Користењето на глувче не е поддржано</disclaimer>
    <disclaimer lang="ms">Penggunaan tetikus tidak disokong</disclaimer>
    <disclaimer lang="nl">Het gebruik van een muis wordt niet ondersteund</disclaimer>
    <disclaimer lang="pl">Brak obsługi myszy</disclaimer>
    <disclaimer lang="pt">Não é possível utilizar o rato</disclaimer>
    <disclaimer lang="pt_BR">Uso de mouse não é suportado</disclaimer>
    <disclaimer lang="ru">Использование мыши не поддерживается</disclaimer>
    <disclaimer lang="sl">Uporaba miške ni podprta</disclaimer>
    <disclaimer lang="sv">Att använda musen fungerar inte</disclaimer>
    <disclaimer lang="th">ไม่รองรับการใช้งานด้วยเมาท์</disclaimer>
    <disclaimer lang="tr">Fare kullanımı desteklenmiyor</disclaimer>
    <disclaimer lang="zh">不支持使用鼠标</disclaimer>
    <disclaimer lang="zh_TW">不支援使用滑鼠</disclaimer>
    <platform>all</platform>
    <license>Creative Commons Attribution-NonCommercial-Share Alike 4.0 International License</license>
    <forum>https://forum.kodi.tv/forumdisplay.php?fid=67</forum>
    <email>kyokusa73@gmail.com</email>
    <source>https://github.com/kyokusa/skin.bello.nero</source>
		<assets>
			<icon>resources/icon.png</icon>
			<fanart>resources/fanart.jpg</fanart>
			<screenshot>resources/screenshot-01.jpg</screenshot>
			<screenshot>resources/screenshot-02.jpg</screenshot>
			<screenshot>resources/screenshot-03.jpg</screenshot>
			<screenshot>resources/screenshot-04.jpg</screenshot>
			<screenshot>resources/screenshot-05.jpg</screenshot>
			<screenshot>resources/screenshot-06.jpg</screenshot>
			<screenshot>resources/screenshot-07.jpg</screenshot>
			<screenshot>resources/screenshot-08.jpg</screenshot>
			<screenshot>resources/screenshot-09.jpg</screenshot>
			<screenshot>resources/screenshot-10.jpg</screenshot>
			<screenshot>resources/screenshot-11.jpg</screenshot>
			<screenshot>resources/screenshot-12.jpg</screenshot>
			<screenshot>resources/screenshot-13.jpg</screenshot>
			<screenshot>resources/screenshot-14.jpg</screenshot>
			<screenshot>resources/screenshot-15.jpg</screenshot>
			<screenshot>resources/screenshot-16.jpg</screenshot>
			<screenshot>resources/screenshot-17.jpg</screenshot>
			<screenshot>resources/screenshot-18.jpg</screenshot>
			<screenshot>resources/screenshot-19.jpg</screenshot>
			<screenshot>resources/screenshot-20.jpg</screenshot>
			<screenshot>resources/screenshot-21.jpg</screenshot>
			<screenshot>resources/screenshot-22.jpg</screenshot>
		</assets>
  </extension>
</addon>
