<?xml version='1.0' encoding='UTF-8'?>
<shortcuts>
	<shortcut>
		<defaultID>colorsnow-b-i-colorgoldenrod-kodiultimate-color-i-b-color-colorgoldenrod-wyslijpliklog-color</defaultID>
		<label>[B][COLORred]Wyslij LOG[/B][/COLOR]</label>
		<label2>Ulubiony</label2>
		<icon>DefaultFolder.png</icon>
		<thumb>D:\Kodi wersje\Kodi 18.6 64\portable_data\addons\plugin.program.kodiultimate\resources\art\icon.png</thumb>
		<action>PlayMedia("plugin://plugin.program.kodiultimate/?mode=uploadlog",return)</action>
	</shortcut>
	<shortcut>
		<defaultID />
		<label>[B]Interfejs[/B]</label>
		<label2 />
		<icon>DefaultShortcut.png</icon>
		<thumb />
		<action>ActivateWindow(InterfaceSettings)</action>
	</shortcut>
	<shortcut>
		<defaultID />
		<label>[B]Ust. skóry[/B]</label>
		<label2 />
		<icon>DefaultShortcut.png</icon>
		<thumb />
		<action>ActivateWindow(SkinSettings)</action>
	</shortcut>
	<shortcut>
		<defaultID />
		<label>[B][COLORred]Narzedzia[/COLOR][/B]</label>
		<label2 />
		<icon>DefaultShortcut.png</icon>
		<thumb />
		<action>ActivateWindow(Programs,"plugin://plugin.program.super.favourites/?label=02+%7C+Narzedzia&amp;mode=400&amp;path=special%3A%2F%2Fprofile%2Faddon_data%2Fplugin.program.super.favourites%2FSuper+Favourites%5CNarzedzia&amp;image=E%3A%5CKodi+test%5Cportable_data%5Caddons%5Cplugin.program.super.favourites%5Cicon.png&amp;fanart=E%3A%5CKodi+test%5Cportable_data%5Caddons%5Cplugin.program.super.favourites%5Cfanart.jpg&amp;content_type=",return)</action>
	</shortcut>
	<shortcut>
		<defaultID />
		<label>[B]Pliki[/B]</label>
		<label2 />
		<icon>DefaultShortcut.png</icon>
		<thumb />
		<action>ActivateWindow(FileManager)</action>
	</shortcut>
	<shortcut>
		<defaultID />
		<label>[B]Dodatki[/B]</label>
		<label2 />
		<icon>DefaultShortcut.png</icon>
		<thumb />
		<action>ActivateWindow(AddonBrowser)</action>
	</shortcut>
	<shortcut>
		<defaultID />
		<label>[B]System[/B]</label>
		<label2 />
		<icon>DefaultShortcut.png</icon>
		<thumb />
		<action>ActivateWindow(SystemSettings)</action>
	</shortcut>
</shortcuts>
