<?xml version="1.0" encoding="UTF-8"?>
<overrides>
	<groupings>

    <!-- ====== -->
    <!-- Common -->
    <!-- ====== -->
		<node label="32029">
			<content>common</content>
		</node>

    <!-- ============= -->
    <!-- Video Library -->
    <!-- ============= -->
		<node label="32030">
			<content>video</content>
			<content>customvideonode</content>
      <!-- Custom Shortcuts -->
	    <shortcut label="31001" type="31025" icon="special://skin/extras/icons/TVGuide.png" condition="System.HasAddon(script.tv.show.next.aired) + Library.HasContent(TVShows)">RunAddon(script.tv.show.next.aired)</shortcut>
      <!-- Video Addons -->
			<node label="32010">
				<shortcut label="1037" type="31025" icon="DefaultAddon.png">ActivateWindow(Videos,Addons,return)</shortcut>
				<content>addon-video</content>
			</node>
      <!-- Video Playlists -->
			<node label="136">
				<content>playlist-video</content>
			</node>
      <!-- Video sources -->
			<node label="32075">
				<content>videosources</content>
				<content>upnp-video</content>
			</node>
		</node>

    <!-- ============= -->
    <!-- Music Library -->
    <!-- ============= -->
		<node label="32031">
			<content>music</content>
			<node label="136">
				<content>playlist-audio</content>
			</node>
			<node label="32011">
				<shortcut label="1038" type="31025" icon="DefaultAddon.png">ActivateWindow(MusicLibrary,Addons,return)</shortcut>
				<content>addon-audio</content>
			</node>
			<node label="32075">
				<content>musicsources</content>
				<content>upnp-music</content>
			</node>
		</node>

    <!-- === -->
    <!-- PVR -->
    <!-- === -->
		<node label="32017" condition="PVR.HasTVChannels | PVR.HasRadioChannels">
			<node label="19020" condition="PVR.HasTVChannels">
				<content>pvr</content>
				<node label="19023">
					<content>pvr-tv</content>
				</node>
			</node>
			<node label="19021" condition="PVR.HasRadioChannels">
				<content>radio</content>
				<node label="19024">
					<content>pvr-radio</content>
				</node>
			</node>
		</node>

    <!-- ======== -->
    <!-- Pictures -->
    <!-- ======== -->
		<node label="32020">
			<content>picturesources</content>
		</node>

    <!-- ======= -->
    <!-- Add-Ons -->
    <!-- ======= -->
		<node label="32007">
			<node label="32010">
				<shortcut label="1037" type="31025">ActivateWindow(Videos,Addons,return)</shortcut>
				<content>addon-video</content>
			</node>
			<node label="32011">
				<shortcut label="1038" type="31025">ActivateWindow(MusicLibrary,Addons,return)</shortcut>
				<content>addon-audio</content>
			</node>
			<node label="32012">
				<shortcut label="1039" type="31025">ActivateWindow(Pictures,Addons,return)</shortcut>
				<content>addon-image</content>
			</node>
			<node label="32009">
				<shortcut label="10001" type="31025" icon="DefaultAddonProgram.png">ActivateWindow(Programs,Addons,return)</shortcut>
				<shortcut label="20244" type="31025" icon="DefaultAddonProgram.png" condition="System.Platform.Android">ActivateWindow(Programs,androidapp://sources/apps,return)</shortcut>
				<content>addon-program</content>
			</node>
		</node>

    <!-- ========== -->
    <!-- Favourites -->
    <!-- ========== -->
		<node label="32006">
			<content>favourite</content>
		</node>

    <!-- ======== -->
    <!-- Settings -->
    <!-- ======== -->
		<node label="10004">
			<content>settings</content>
		</node>

    <!-- ============= -->
    <!-- Kodi Commands -->
    <!-- ============= -->
		<node label="32054">
			<content>commands</content>
		</node>
	</groupings>


  <!-- =============== -->
  <!-- Shortcuts Check -->
  <!-- =============== -->
<!--
  <checkforshortcut property="HomeMenuTrailers_HasNoPath">Skin.SetAddon(TrailersAddon_Path,xbmc.addon.video)</checkforshortcut>
  <checkforshortcut property="HomeMenuTrailers_HasPath">ActivateWindow(videos,plugin://$INFO[Skin.String(TrailersAddon_Path)],return)</checkforshortcut>
-->

  <!-- ======= -->
  <!-- Widgets -->
  <!-- ======= -->
	<widget-groupings>
		<!-- Movies Widgets -->
		<node label="31094">
			<shortcut label="31241" type="32099" widget="RecentlyAddedMovies" icon="DefaultMovies.png" widgetType="movies" condition="System.HasAddon(service.library.data.provider) + Library.HasContent(movies)">plugin://service.library.data.provider?type=recentmovies&amp;reload=$INFO[Window(Home).Property(recentmovies)]</shortcut>
			<shortcut label="31260" type="32099" widget="InProgressMovies" icon="DefaultMovies.png" widgetType="movies" condition="System.HasAddon(service.library.data.provider) + Library.HasContent(movies)">plugin://service.library.data.provider?type=recommendedmovies&amp;reload=$INFO[Window(Home).Property(recommendedmovies)]</shortcut>
			<shortcut label="31247" type="32099" widget="RandomMovies" icon="DefaultMovies.png" widgetType="movies" condition="System.HasAddon(service.library.data.provider) + Library.HasContent(movies)">plugin://service.library.data.provider?type=randommovies&amp;reload=$INFO[Window(Home).Property(randommovies)]</shortcut>
			<shortcut label="31200" type="32099" widget="SmartishMovies" icon="DefaultMovies.png" widgetType="movies" condition="System.HasAddon(service.smartish.widgets) + Library.HasContent(movies)">plugin://service.smartish.widgets?type=movies&amp;reload=$INFO[Window(Home).Property(smartish.movies)]</shortcut>
			<shortcut label="31256" type="32099" widget="InCinemasMovies" icon="DefaultMovies.png" widgetType="movies_online" condition="System.HasAddon(script.extendedinfo)">plugin://script.extendedinfo?info=incinemamovies</shortcut>
			<shortcut label="31250" type="32099" widget="UpcomingMovies" icon="DefaultMovies.png" widgetType="movies_online" condition="System.HasAddon(script.extendedinfo)">plugin://script.extendedinfo?info=upcomingmovies</shortcut>
			<shortcut label="31251" type="32099" widget="PopularMovies" icon="DefaultMovies.png" widgetType="movies_online" condition="System.HasAddon(script.extendedinfo)">plugin://script.extendedinfo?info=popularmovies</shortcut>
			<shortcut label="31266" type="32099" widget="TopRatedMovies" icon="DefaultMovies.png" widgetType="movies_online" condition="System.HasAddon(script.extendedinfo)">plugin://script.extendedinfo?info=topratedmovies</shortcut>
			<shortcut label="31257" type="32099" widget="TrendingMovies" icon="DefaultMovies.png" widgetType="movies_online" condition="System.HasAddon(script.extendedinfo)">plugin://script.extendedinfo?info=trendingmovies</shortcut>
			<shortcut label="31277" type="32099" widget="MostWatchedMovies" icon="DefaultMovies.png" widgetType="movies_online" condition="System.HasAddon(script.extendedinfo)">plugin://script.extendedinfo?info=mostwatchedmovies</shortcut>
			<shortcut label="31278" type="32099" widget="MostAnticipatedMovies" icon="DefaultMovies.png" widgetType="movies_online" condition="System.HasAddon(script.extendedinfo)">plugin://script.extendedinfo?info=mostanticipatedmovies</shortcut>
			<shortcut label="31279" type="32099" widget="BoxOfficeMovies" icon="DefaultMovies.png" widgetType="movies_online" condition="System.HasAddon(script.extendedinfo)">plugin://script.extendedinfo?info=traktboxofficemovies</shortcut>
    </node>
		<!-- TVShows Widgets -->
		<node label="31095">
			<shortcut label="31242" type="32099" widget="RecentlyAddedTVShows" icon="DefaultTVShows.png" widgetType="tvshows" condition="System.HasAddon(service.library.data.provider) + Library.HasContent(tvshows)">plugin://service.library.data.provider?type=recentepisodes&amp;reload=$INFO[Window(Home).Property(recentepisodes)]</shortcut>
			<shortcut label="31261" type="32099" widget="InProgressTVShows" icon="DefaultTVShows.png" widgetType="tvshows" condition="System.HasAddon(service.library.data.provider) + Library.HasContent(tvshows)">plugin://service.library.data.provider?type=recommendedepisodes&amp;reload=$INFO[Window(Home).Property(recommendedepisodes)]</shortcut>
			<shortcut label="31248" type="32099" widget="RandomTVShows" icon="DefaultTVShows.png" widgetType="tvshows" condition="System.HasAddon(service.library.data.provider) + Library.HasContent(tvshows)">plugin://service.library.data.provider?type=randomepisodes&amp;reload=$INFO[Window(Home).Property(randomepisodes)]</shortcut>
			<shortcut label="31201" type="32099" widget="SmartishTVShows" icon="DefaultTVShows.png" widgetType="tvshows" condition="System.HasAddon(service.smartish.widgets) + Library.HasContent(tvshows)">plugin://service.smartish.widgets?type=episodes&amp;reload=$INFO[Window(Home).Property(smartish.episodes)]</shortcut>
			<shortcut label="31206" type="32099" widget="NextAiredTVShows" icon="DefaultTVShows.png" widgetType="tvshows" condition="[System.HasAddon(script.skin.helper.widgets) + Library.HasContent(tvshows)]">plugin://script.skin.helper.widgets/?action=nextairedepisodes&amp;reload=$INFO[Window(Home).Property(widgetreload2)]</shortcut>
			<shortcut label="31269" type="32099" widget="OnAirTVShows" icon="DefaultTVShows.png" widgetType="tvshows_online" condition="System.HasAddon(script.extendedinfo)">plugin://script.extendedinfo?info=onairtvshows</shortcut>
			<shortcut label="31246" type="32099" widget="AiringTodayTVShows" icon="DefaultTVShows.png" widgetType="tvshows_online" condition="System.HasAddon(script.extendedinfo)">plugin://script.extendedinfo?info=airingtodaytvshows</shortcut>
			<shortcut label="31252" type="32099" widget="PopularTVShows" icon="DefaultTVShows.png" widgetType="tvshows_online" condition="System.HasAddon(script.extendedinfo)">plugin://script.extendedinfo?info=populartvshows</shortcut>
			<shortcut label="31267" type="32099" widget="TopRatedTVShows" icon="DefaultTVShows.png" widgetType="tvshows_online" condition="System.HasAddon(script.extendedinfo)">plugin://script.extendedinfo?info=topratedtvshows</shortcut>
			<shortcut label="31258" type="32099" widget="TrendingTVShows" icon="DefaultTVShows.png" widgetType="tvshows_online" condition="System.HasAddon(script.extendedinfo)">plugin://script.extendedinfo?info=trendingshows</shortcut>
			<shortcut label="31275" type="32099" widget="MostWatchedTVShows" icon="DefaultMovies.png" widgetType="movies_online" condition="System.HasAddon(script.extendedinfo)">plugin://script.extendedinfo?info=mostwatchedshows</shortcut>
			<shortcut label="31276" type="32099" widget="MostAnticipatedTVShows" icon="DefaultMovies.png" widgetType="movies_online" condition="System.HasAddon(script.extendedinfo)">plugin://script.extendedinfo?info=anticipatedshows</shortcut>
    </node>
		<!-- Music Widgets -->
		<node label="31096">
			<shortcut label="31243" type="32099" widget="RecentlyAddedAlbums" icon="DefaultAudio.png" widgetType="music" condition="System.HasAddon(service.library.data.provider) + Library.HasContent(music)">plugin://service.library.data.provider?type=recentalbums&amp;reload=$INFO[Window(Home).Property(recentalbums)]</shortcut>
			<shortcut label="31262" type="32099" widget="InProgressAlbums" icon="DefaultAudio.png" widgetType="music" condition="System.HasAddon(service.library.data.provider) + Library.HasContent(music)">plugin://service.library.data.provider?type=recommendedalbums&amp;reload=$INFO[Window(Home).Property(recommendedalbums)]</shortcut>
			<shortcut label="31249" type="32099" widget="RandomAlbums" icon="DefaultAudio.png" widgetType="music" condition="System.HasAddon(service.library.data.provider) + Library.HasContent(music)">plugin://service.library.data.provider?type=randomalbums&amp;reload=$INFO[Window(Home).Property(randomalbums)]</shortcut>
			<shortcut label="31202" type="32099" widget="SmartishAlbums" icon="DefaultAudio.png" widgetType="music" condition="System.HasAddon(service.smartish.widgets) + Library.HasContent(music)">plugin://service.smartish.widgets?type=albums&amp;reload=$INFO[Window.Property(smartish.albums)]</shortcut>
			<shortcut label="31268" type="32099" widget="NearConcerts" icon="DefaultAudio.png" widgetType="music_online" condition="System.HasAddon(script.extendedinfo)">plugin://script.extendedinfo?info=topartistsnearevents</shortcut>
			<shortcut label="31259" type="32099" widget="TopArtists" icon="DefaultAudio.png" widgetType="music_online" condition="System.HasAddon(script.extendedinfo)">plugin://script.extendedinfo?info=topartists</shortcut>
    </node>
    <!-- Libraries Nodes Widgets -->
		<node label="32030">
			<content>video</content>
		</node>
		<node label="32031">
			<content>music</content>
		</node>
		<node label="32020">
			<content>picturesources</content>
		</node>
		<node label="136">
			<node label="32004">
				<content>playlist-video</content>
			</node>
			<node label="32005">
				<content>playlist-audio</content>
			</node>
		</node>
		<node label="24001">
			<node label="Video Add-ons">
				<content>addon-video</content>
			</node>
			<node label="Music Add-ons">
				<content>addon-audio</content>
			</node>
			<node label="Picture Add-ons">
				<content>addon-image</content>
			</node>
			<node label="Program Add-ons">
				<content>addon-program-plugin</content>
			</node>
			<shortcut label="1037" type="32099" widget="addon" widgetType="video" widgetTarget="video">addons://sources/video</shortcut>
			<shortcut label="1038" type="32099" widget="addon" widgetType="music" widgetTarget="music">addons://sources/audio</shortcut>
			<shortcut label="1039" type="32099" widget="addon" widgetType="picture" widgetTarget="pictures">addons://sources/image</shortcut>
			<shortcut label="1043" type="32099" widget="addon" widgetType="program" widgetTarget="programs">addons://sources/executable</shortcut>
		</node>

	  <!-- Common Widgets -->
		<node label="32029">
	    <shortcut label="19217" type="32099" widget="TVChannels" widgetType="pvr" condition="PVR.HasTVChannels">pvr://channels/tv/*</shortcut>
	    <shortcut label="19216" type="32099" widget="RadioChannels" widgetType="pvr" condition="PVR.HasRadioChannels">pvr://channels/radio/*</shortcut>
	    <shortcut label="31205" type="32099" widget="SmartishTVChannels" widgetType="pvr" condition="PVR.HasTVChannels + System.HasAddon(service.smartish.widgets)">plugin://service.smartish.widgets?type=pvr&amp;reload=$INFO[Window.Property(smartish.pvr)]</shortcut>
			<shortcut label="10134" type="32099" widget="Favourites" widgetType="mixed" condition="System.HasAddon(script.extendedinfo)">plugin://script.extendedinfo?info=favourites</shortcut>
			<shortcut label="21417" type="32099" widget="Settings" widgetType="mixed">$INCLUDE[SettingsContent]</shortcut>
			<shortcut label="31374" type="32099" widget="QuickNav" widgetType="mixed">$INCLUDE[QuickNavContent]</shortcut>
			<shortcut label="31237" type="32099" widget="PopularPeople" widgetType="movies_online" condition="System.HasAddon(script.extendedinfo)">plugin://script.extendedinfo?info=popularpeople</shortcut>
			<shortcut label="31255" type="32099" widget="RSSVideoFeeds" widgetType="mixed_online" condition="System.HasAddon(script.extendedinfo)">$VAR[RSSVideoFeedType]</shortcut>
			<shortcut label="31379" type="32099" widget="CustomItems" widgetType="mixed">$INCLUDE[CustomItems]</shortcut>
			<shortcut label="10508" type="32099" widget="Weather10DaysForecast" widgetType="weather" condition="!String.IsEmpty(Weather.Plugin)">$INCLUDE[Weather10Days_Forecast]</shortcut>
    </node>

		<!-- Submenus Widgets -->
		<node label="31209">
			<shortcut label="Movies Submenu" type="32099" widget="MoviesSubmenu" widgetType="submenu" condition="Library.HasContent(movies)">$INCLUDE[skinshortcuts-group-movies]</shortcut>
			<shortcut label="TV Shows Submenu" type="32099" widget="TVShowsSubmenu" widgetType="submenu" condition="Library.HasContent(tvshows)">$INCLUDE[skinshortcuts-group-31002]</shortcut>
			<shortcut label="Music Submenu" type="32099" widget="MusicSubmenu" widgetType="submenu">$INCLUDE[skinshortcuts-group-music]</shortcut>
			<shortcut label="Videos Submenu" type="32099" widget="VideosSubmenu" widgetType="submenu">$INCLUDE[skinshortcuts-group-videos]</shortcut>
			<shortcut label="Addons Submenu" type="32099" widget="AddonsSubmenu" widgetType="submenu">$INCLUDE[skinshortcuts-group-24001]</shortcut>
			<shortcut label="Live TV Submenu" type="32099" widget="LiveTVSubmenu" widgetType="submenu" condition="PVR.HasTVChannels">$INCLUDE[skinshortcuts-group-31000]</shortcut>
			<shortcut label="Pictures Submenu" type="32099" widget="PicturesSubmenu" widgetType="submenu">$INCLUDE[skinshortcuts-group-pictures]</shortcut>
			<shortcut label="Programs Submenu" type="32099" widget="ProgramsSubmenu" widgetType="submenu">$INCLUDE[skinshortcuts-group-programs]</shortcut>
			<shortcut label="Weather Submenu" type="32099" widget="WeatherSubmenu" widgetType="submenu" condition="!IsEmpty(Weather.Plugin)">$INCLUDE[skinshortcuts-group-weather]</shortcut>
			<shortcut label="Settings Submenu" type="32099" widget="SettingsSubmenu" widgetType="submenu">$INCLUDE[skinshortcuts-group-settings]</shortcut>
    </node>

    <!-- Skin Helper Widgets -->
    <shortcut label="31154" icon="DefaultFolder.png" condition="System.HasAddon(script.skin.helper.service)">||BROWSE||script.skin.helper.service/?action=widgets&amp;path=scriptwidgets</shortcut>

	</widget-groupings>

	<!-- Widget Aspect Ratio -->
	<propertySettings property="widgetRatio" title="$LOCALIZE[31207]" showNone="False" />
	<property property="widgetRatio">Poster</property>
	<property property="widgetRatio">Square</property>
	<property property="widgetRatio">Landscape</property>

	<propertyfallback property="widgetRatio" attribute="widget" value="Addon">Square</propertyfallback>
	<propertyfallback property="widgetRatio" attribute="widget" value="addon">Square</propertyfallback>
	<propertyfallback property="widgetRatio" attribute="widgetType" value="weather">Square</propertyfallback>
	<propertyfallback property="widgetRatio" attribute="widgetType" value="mixed">Square</propertyfallback>
	<propertyfallback property="widgetRatio" attribute="widgetType" value="mixed_online">Landscape</propertyfallback>
<!--
  <propertydefault defaultID="movies" property="widgetRatio">20021</propertydefault>
  <propertydefault defaultID="tvshows" property="widgetRatio">20021</propertydefault>
-->


	<groupoverride group="mainmenu" condition="Window.IsActive(PlayerControls.xml)">Close</groupoverride>


  <!-- =========== -->
  <!-- Backgrounds -->
  <!-- =========== -->
  <backgroundBrowse default="special://skin/extras/backgrounds/">True</backgroundBrowse>
  <background label="Global Fanart" condition="System.HasAddon(script.grab.fanart)">Home_Global_Fanart</background>
  <background label="Movies Fanart" condition="System.HasAddon(script.grab.fanart)">Home_Movie_Fanart</background>
  <background label="Video Fanart" condition="System.HasAddon(script.grab.fanart)">Home_Video_Fanart</background>
  <background label="Music Fanart" condition="System.HasAddon(script.grab.fanart)">Home_Music_Fanart</background>
  <background label="TV Fanart" condition="System.HasAddon(script.grab.fanart)">Home_TV_Fanart</background>
  <background label="3DWall Movies" condition="Library.HasContent(movies)">3DWallBG_Movies_Posters</background>
  <background label="3DWall Movies Logos" condition="Library.HasContent(movies)">3DWallBG_Movies_Logo</background>
  <background label="3DWall Movies DiscArt" condition="Library.HasContent(movies)">3DWallBG_Movies_DiscArt</background>
  <background label="3DWall TV Shows" condition="Library.HasContent(tvshows)">3DWallBG_TVShows_Posters</background>
  <background label="3DWall TV Shows Logos" condition="Library.HasContent(tvshows)">3DWallBG_TVShows_Logo</background>
  <background label="3DWall TV Shows Landscape" condition="Library.HasContent(tvshows)">3DWallBG_TVShows_Landscape</background>
  <background label="3DWall TV Shows DiscArt" condition="Library.HasContent(tvshows)">3DWallBG_TVShows_DiscArt</background>
  <background label="3DWall Albums" condition="Library.HasContent(music)">3DWallBG_Albums</background>
  <background label="3DWall Artists" condition="Library.HasContent(music)">3DWallBG_Artists</background>
  <background label="Conditional Weather" condition="!IsEmpty(Skin.String(WeatherFanart.path))">BackgroundWeather</background>
  <background label="smartshortcuts">||BROWSE||plugin://script.skin.helper.service/?action=backgrounds</background>






  <!-- =============== -->
  <!-- Icons Overrides -->
  <!-- =============== -->
  <icon labelID="settings">special://skin/extras/icons/Settings.png</icon>
  <icon labelID="7">special://skin/extras/icons/FileManager.png</icon>
	<icon labelID="10007">special://skin/extras/icons/SystemInfo.png</icon>
	<icon labelID="dvd">DefaultDVD.png</icon>
	<icon labelID="32033">DefaultDVD.png</icon>
	<icon labelID="13200">DefaultActor.png</icon>
  <icon labelID="1036">special://skin/extras/icons/Favourites.png</icon>
  <icon labelID="weather">special://skin/extras/icons/Weather.png</icon>
  <icon labelID="32046">special://skin/extras/icons/UpdateVideoLibrary.png</icon>
  <icon labelID="32047">special://skin/extras/icons/UpdateMusicLibrary.png</icon>
  <icon labelID="32055">special://skin/extras/icons/CleanVideoLibrary.png</icon>
  <icon labelID="32056">special://skin/extras/icons/CleanMusicLibrary.png</icon>
  <icon labelID="livetv">DefaultLiveTV.png</icon>
	<icon labelID="19019">DefaultLiveTV.png</icon>
	<icon labelID="19020">DefaultLiveTV.png</icon>
	<icon labelID="19021">DefaultLiveTV.png</icon>
  <icon labelID="19023">DefaultLiveTV.png</icon>
  <icon labelID="19024">DefaultLiveTV.png</icon>
  <icon labelID="19040">special://skin/extras/icons/Timers.png</icon>
  <icon labelID="22020">special://skin/extras/icons/Guide.png</icon>
  <icon labelID="19163">special://skin/extras/icons/Recordings.png</icon>
  <icon labelID="32023">DefaultLiveTV.png</icon>
  <icon labelID="32066">DefaultLiveTV.png</icon>
  <icon labelID="32067">DefaultLiveTV.png</icon>
  <icon labelID="32068">DefaultLiveTV.png</icon>
  <icon labelID="32076">DefaultLiveTV.png</icon>
  <icon labelID="32077">DefaultLiveTV.png</icon>
  <icon labelID="137">special://skin/extras/icons/Search.png</icon>
  <icon labelID="744">DefaultFolder.png</icon>
  <icon labelID="1037">DefaultAddon.png</icon>
  <icon labelID="1038">DefaultAddon.png</icon>
  <icon labelID="1039">DefaultAddon.png</icon>
  <icon labelID="1043">DefaultAddon.png</icon>
	<icon labelID="480">special://skin/extras/icons/Appearance.png</icon>
	<icon labelID="3">DefaultVideo.png</icon>
	<icon labelID="2">DefaultAudio.png</icon>
	<icon labelID="1">DefaultPicture.png</icon>
	<icon labelID="0">DefaultProgram.png</icon>
	<icon labelID="5">special://skin/extras/icons/Settings.png</icon>
	<icon labelID="8">special://skin/extras/icons/Weather.png</icon>
	<icon labelID="14036">DefaultNetwork.png</icon>
	<icon labelID="13000">special://skin/extras/icons/System.png</icon>
	<icon labelID="20077">special://skin/extras/icons/Skin.png</icon>
	<icon labelID="32004">DefaultVideoPlaylists.png</icon>
	<icon labelID="32005">DefaultMusicPlaylists.png</icon>
	<icon labelID="31018">special://skin/extras/icons/Trailers.png</icon>

</overrides>
