<?xml version="1.0" encoding="UTF-8"?>
<window >
	<defaultcontrol always="true">13</defaultcontrol>
	<controls>
	 <control type="group">
    <include>CommonDialogsAnimation</include>
    <visible>!Window.IsActive(virtualkeyboard) + !Window.IsActive(filebrowser) + !Window.IsActive(yesnodialog) + !Window.IsActive(okdialog) + !Window.IsActive(shutdownmenu)</visible>
	  <control type="image">
			<left>214</left>
			<top>135</top>
		  <width>852</width>
		  <height>57</height>
		  <colordiffuse>$VAR[Textures.GlobalColor]</colordiffuse>
		  <texture background="true" border="9">dialogs/other/header.png</texture>
	  </control>
	  <control type="image">
			<left>214</left>
			<top>189</top>
		  <width>852</width>
		  <height>387</height>
		  <texture background="true" border="39,19,39,19">dialogs/other/body.png</texture>
	  </control>
		<control type="image">
			<left>216</left>
			<top>188</top>
			<width>848</width>
			<height>4</height>
			<aspectratio>stretch</aspectratio>
			<texture background="true">dialogs/other/header_line.png</texture>
		</control>
		<control type="image">
			<description>background image</description>
			<include>FullscreenDimensions</include>
			<texture background="true">dialogs/pvr/bg_groupmanager.png</texture>
		</control>
		<control type="label">
			<description>header label</description>
			<left>227</left>
			<top>148</top>
			<width>750</width>
	    <include>DialogsHeaderLabel</include>
			<label>$LOCALIZE[19143]</label>
		</control>

		<control type="button">
			<description>Channels GroupsList Label/Items</description>
			<left>240</left>
			<top>207</top>
    	<width>245</width>
			<height>40</height>
			<font>FontSize_18B</font>
			<textcolor>$VAR[Text.GlobalColor]</textcolor>
			<shadowcolor>99000000</shadowcolor>
		  <include>HiddenItem</include>
    	<label>[B]$LOCALIZE[31350]:[/B]</label>
			<label2>$INFO[Container(13).NumItems]</label2>
		</control>
		<control type="button">
			<description>Hidden TVChannels Label/Items</description>
			<left>517</left>
			<top>207</top>
    	<width>245</width>
			<height>40</height>
			<font>FontSize_18B</font>
			<textcolor>$VAR[Text.GlobalColor]</textcolor>
			<shadowcolor>99000000</shadowcolor>
		  <include>HiddenItem</include>
    	<label>[B]$INFO[Control.GetLabel(21)]:[/B]</label>
			<label2>$INFO[Container(11).NumItems]</label2>
		</control>
		<control type="button">
			<description>Visible TVChannels Label/Items</description>
			<left>795</left>
			<top>207</top>
    	<width>245</width>
			<height>40</height>
			<font>FontSize_18B</font>
			<textcolor>$VAR[Text.GlobalColor]</textcolor>
			<shadowcolor>99000000</shadowcolor>
		  <include>HiddenItem</include>
    	<label>[B]$INFO[Control.GetLabel(22)]:[/B]</label>
			<label2>$INFO[Container(12).NumItems]</label2>
		</control>

		<control type="group" id="10010">
			<control type="group">
				<description>Channels GroupsList</description>
				<left>232</left>
				<top>250</top>
				<control type="list" id="13">
					<left>0</left>
					<top>0</top>
					<width>260</width>
					<height>308</height>
					<onup>13</onup>
					<ondown>13</ondown>
					<onleft>10000</onleft>
					<onright>11</onright>
					<scrolltime>200</scrolltime>
					<itemlayout height="44" width="260">
						<control type="label">
							<left>10</left>
							<top>0</top>
							<width>210</width>
							<height>40</height>
							<font>FontSize_20</font>
							<textcolor>77ffffff</textcolor>
							<selectedcolor>$VAR[Text.GlobalColor]</selectedcolor>
							<align>left</align>
							<aligny>center</aligny>
							<info>ListItem.Label</info>
						</control>
					</itemlayout>
					<focusedlayout height="44" width="400">
						<control type="image">
							<left>0</left>
							<top>0</top>
							<width>260</width>
							<height>40</height>
							<texture>buttons/focus.png</texture>
						  <animation effect="fade" start="100" end="0" time="100" condition="!Control.HasFocus(13)">conditional</animation>
	            <include>ListFocusAnimation</include>
						</control>
						<control type="image">
							<left>0</left>
							<top>0</top>
							<width>260</width>
							<height>40</height>
						  <texture>dialogs/selectdialog/selected.png</texture>
						  <animation effect="fade" start="100" end="0" time="100" condition="Control.HasFocus(13)">conditional</animation>
						</control>
						<control type="label">
							<left>10</left>
							<top>0</top>
							<width>210</width>
							<height>40</height>
							<font>FontSize_20</font>
							<textcolor>white</textcolor>
							<selectedcolor>$VAR[Text.GlobalColor]</selectedcolor>
							<align>left</align>
							<aligny>center</aligny>
							<info>ListItem.Label</info>
						</control>
					</focusedlayout>
				</control>
			</control>

			<control type="group">
				<description>Hidden TV Channels</description>
				<left>510</left>
				<top>250</top>
				<control type="list" id="11">
					<left>0</left>
					<top>0</top>
					<width>260</width>
					<height>308</height>
					<onup>11</onup>
					<ondown>11</ondown>
					<onleft>13</onleft>
					<onright>12</onright>
					<scrolltime>200</scrolltime>
					<itemlayout height="44" width="260">
						<control type="image">
							<left>6</left>
							<top>3</top>
							<width>34</width>
							<height>34</height>
		          <colordiffuse>77ffffff</colordiffuse>
						  <aspectratio align="center" aligny="center">keep</aspectratio>
							<texture fallback="windows/pvr/channel_icon.png">$INFO[ListItem.Icon]</texture>
						</control>
						<control type="label">
							<left>45</left>
							<top>0</top>
							<width>210</width>
							<height>40</height>
							<font>FontSize_20</font>
							<textcolor>77ffffff</textcolor>
							<selectedcolor>$VAR[Text.GlobalColor]</selectedcolor>
							<align>left</align>
							<aligny>center</aligny>
							<label>$INFO[ListItem.ChannelNumberLabel,,. ]$INFO[ListItem.ChannelName]</label>
						</control>
					</itemlayout>
					<focusedlayout height="44" width="260">
						<control type="image">
							<left>0</left>
							<top>0</top>
							<width>260</width>
							<height>40</height>
							<texture>buttons/focus.png</texture>
						  <animation effect="fade" start="100" end="0" time="100" condition="!Control.HasFocus(11)">conditional</animation>
	            <include>ListFocusAnimation</include>
						</control>
						<control type="image">
							<left>0</left>
							<top>0</top>
							<width>260</width>
							<height>40</height>
						  <texture>dialogs/selectdialog/selected.png</texture>
						  <animation effect="fade" start="100" end="0" time="100" condition="Control.HasFocus(11)">conditional</animation>
						</control>
						<control type="image">
							<left>6</left>
							<top>3</top>
							<width>34</width>
							<height>34</height>
						  <aspectratio align="center" aligny="center">keep</aspectratio>
							<texture fallback="windows/pvr/channel_icon.png">$INFO[ListItem.Icon]</texture>
						</control>
						<control type="label">
							<left>45</left>
							<top>0</top>
							<width>210</width>
							<height>40</height>
							<font>FontSize_20</font>
							<textcolor>white</textcolor>
							<selectedcolor>$VAR[Text.GlobalColor]</selectedcolor>
							<align>left</align>
							<aligny>center</aligny>
							<label>$INFO[ListItem.ChannelNumberLabel,,. ]$INFO[ListItem.ChannelName]</label>
						</control>
					</focusedlayout>
				</control>
			</control>

			<control type="group">
				<description>Visible TV Channels</description>
				<left>788</left>
				<top>250</top>
				<control type="list" id="12">
					<left>0</left>
					<top>0</top>
					<width>260</width>
					<height>308</height>
					<onup>12</onup>
					<ondown>12</ondown>
					<onleft>11</onleft>
					<onright>10000</onright>
					<scrolltime>200</scrolltime>
					<itemlayout height="44" width="260">
						<control type="image">
							<left>6</left>
							<top>3</top>
							<width>34</width>
							<height>34</height>
		          <colordiffuse>77ffffff</colordiffuse>
						  <aspectratio align="center" aligny="center">keep</aspectratio>
							<texture fallback="windows/pvr/channel_icon.png">$INFO[ListItem.Icon]</texture>
						</control>
						<control type="label">
							<left>45</left>
							<top>0</top>
							<width>210</width>
							<height>40</height>
							<font>FontSize_20</font>
							<textcolor>77ffffff</textcolor>
							<selectedcolor>$VAR[Text.GlobalColor]</selectedcolor>
							<align>left</align>
							<aligny>center</aligny>
							<label>$INFO[ListItem.ChannelNumberLabel,,. ]$INFO[ListItem.ChannelName]</label>
						</control>
					</itemlayout>
					<focusedlayout height="44" width="260">
						<control type="image">
							<left>0</left>
							<top>0</top>
							<width>260</width>
							<height>40</height>
							<texture>buttons/focus.png</texture>
						  <animation effect="fade" start="100" end="0" time="100" condition="!Control.HasFocus(12)">conditional</animation>
	            <include>ListFocusAnimation</include>
						</control>
						<control type="image">
							<left>0</left>
							<top>0</top>
							<width>260</width>
							<height>40</height>
						  <texture>dialogs/selectdialog/selected.png</texture>
						  <animation effect="fade" start="100" end="0" time="100" condition="Control.HasFocus(12)">conditional</animation>
						</control>
						<control type="image">
							<left>6</left>
							<top>3</top>
							<width>34</width>
							<height>34</height>
						  <aspectratio align="center" aligny="center">keep</aspectratio>
							<texture fallback="windows/pvr/channel_icon.png">$INFO[ListItem.Icon]</texture>
						</control>
						<control type="label">
							<left>45</left>
							<top>0</top>
							<width>210</width>
							<height>40</height>
							<font>FontSize_20</font>
							<textcolor>white</textcolor>
							<selectedcolor>$VAR[Text.GlobalColor]</selectedcolor>
							<align>left</align>
							<aligny>center</aligny>
							<label>$INFO[ListItem.ChannelNumberLabel,,. ]$INFO[ListItem.ChannelName]</label>
						</control>
					</focusedlayout>
				</control>
			</control>
		</control>


    <!-- Control Buttons -->
	  <control type="grouplist" id="10000">
			<left>1070</left>
			<top>294</top>
			<height>280</height>
			<onleft>10010</onleft>
			<onright>10010</onright>
			<align>right</align>
			<defaultcontrol always="true">29</defaultcontrol>
  		<control type="button" id="28">
				<description>Delete Group</description>
    		<width>235</width>
		    <textwidth>150</textwidth>
	      <include>DialogsButtonsText</include>
    		<texturefocus border="49,0,49,0">dialogs/buttons/cancel_focus.png</texturefocus>
    		<texturenofocus border="49,0,49,0">dialogs/buttons/cancel_nofocus.png</texturenofocus>
				<label>$LOCALIZE[31353]</label>
  		</control>
  		<control type="togglebutton" id="25">
				<description>Hide/UnHide Group</description>
	      <include>DialogsButtonsText</include>
    		<texturefocus border="49,0,49,0">dialogs/buttons/show_focus.png</texturefocus>
    		<texturenofocus border="49,0,49,0">dialogs/buttons/show_nofocus.png</texturenofocus>
    		<alttexturefocus border="49,0,49,0">dialogs/buttons/hide_focus.png</alttexturefocus>
    		<alttexturenofocus border="59,0,59,0">dialogs/buttons/hide_nofocus.png</alttexturenofocus>
				<label>$LOCALIZE[31354]</label>
				<altlabel>$LOCALIZE[31355]</altlabel>
  		</control>
  		<control type="button" id="27">
			  <description>Rename Group</description>
    		<width>235</width>
		    <textwidth>150</textwidth>
	      <include>DialogsButtonsText</include>
    		<texturefocus border="49,0,49,0">dialogs/buttons/edit_focus.png</texturefocus>
    		<texturenofocus border="49,0,49,0">dialogs/buttons/edit_nofocus.png</texturenofocus>
				<label>$LOCALIZE[31352]</label>
  		</control>
  		<control type="button" id="26">
				<description>Add Group</description>
    		<width>235</width>
		    <textwidth>150</textwidth>
	      <include>DialogsButtonsText</include>
    		<texturefocus border="49,0,49,0">dialogs/buttons/add_focus.png</texturefocus>
    		<texturenofocus border="49,0,49,0">dialogs/buttons/add_nofocus.png</texturenofocus>
				<label>$LOCALIZE[31351]</label>
  		</control>
  		<control type="button" id="29">
				<description>Save</description>
	      <include>DialogsButtonsText</include>
    		<texturefocus border="49,0,49,0">dialogs/buttons/save_focus.png</texturefocus>
    		<texturenofocus border="49,0,49,0">dialogs/buttons/save_nofocus.png</texturenofocus>
				<label>$LOCALIZE[190]</label>
  		</control>
	  </control>

		<control type="label" id="20">
			<description>Fake Label used to pass on name label</description>
			<visible>false</visible>
		</control>
		<control type="label" id="21">
	    <description>Fake Hidden TVChannels Label</description>
			<visible>false</visible>
		</control>
		<control type="label" id="22">
	    <description>Fake Visible TVChannels Label</description>
			<visible>false</visible>
		</control>
	 </control>

	</controls>
</window>
