<?xml version="1.0" encoding="UTF-8"?>
<window>
 <defaultcontrol always="true">8000</defaultcontrol>
 <controls>
	<control type="group">
	  <include>CommonDialogsAnimation</include>
	  <control type="image">
			<left>347</left>
			<top>88</top>
		  <width>587</width>
		  <height>57</height>
		  <colordiffuse>$VAR[Textures.GlobalColor]</colordiffuse>
		  <texture background="true" border="9">dialogs/other/header.png</texture>
	  </control>
	  <control type="image">
			<left>347</left>
			<top>142</top>
		  <width>587</width>
		  <height>473</height>
		  <texture background="true" border="39,19,39,19">dialogs/other/body.png</texture>
	  </control>
		<control type="image">
			<description>background image</description>
			<include>FullscreenDimensions</include>
			<texture background="true">dialogs/other/bg_parametricEQ.png</texture>
		</control>
		 <control type="image">
			<left>349</left>
			<top>141</top>
			<width>583</width>
			<height>4</height>
			<aspectratio>stretch</aspectratio>
			<texture background="true">dialogs/other/header_line.png</texture>
		 </control>
		<control type="label">
			<description>header label</description>
			<left>360</left>
			<top>105</top>
			<width>500</width>
	    <include>DialogsHeaderLabel</include>
			<label>$ADDON[adsp.biquad.filters 30100]</label>
		</control>

		<control type="group" id="10001">
			<control type="group">
		    <animation effect="fade" start="100" end="50" condition="!Control.HasFocus(8000)">Conditional</animation>
		    <include content="ParametricEQLabelLeft">
					<description>Preamp Frequency Band</description>
		      <param name="id" value="8100" />
		      <param name="top" value="160" />
		      <param name="label" value="$ADDON[adsp.parametric.eq 30150]" />
		    </include>
		    <include content="ParametricEQLabelRight">
					<description>Preamp dB</description>
		      <param name="id" value="8200" />
		      <param name="top" value="160" />
		      <param name="label" value="Value" />
		    </include>
			</control>
			<control type="slider" id="8000">
				<description>Preamp Frequency Band Slider</description>
				<top>166</top>
				<include>ParametricEQSlider</include>
				<onup>10000</onup>
				<ondown>8001</ondown>
				<onleft>8000</onleft>
				<onright>8000</onright>
			</control>
	
			<control type="group">
		    <animation effect="fade" start="100" end="50" condition="!Control.HasFocus(8001)">Conditional</animation>
		    <include content="ParametricEQLabelLeft">
					<description>32Hz Frequency Band Label</description>
		      <param name="id" value="8101" />
		      <param name="top" value="200" />
		      <param name="label" value="$ADDON[adsp.parametric.eq 30151]" />
		    </include>
		    <include content="ParametricEQLabelRight">
					<description>32Hz dB Level</description>
		      <param name="id" value="8201" />
		      <param name="top" value="200" />
		      <param name="label" value="Value" />
		    </include>
			</control>
			<control type="slider" id="8001">
				<description>32Hz Frequency Band Slider</description>
				<top>206</top>
				<include>ParametricEQSlider</include>
				<onup>8000</onup>
				<ondown>8002</ondown>
				<onleft>8001</onleft>
				<onright>8001</onright>
			</control>
	
			<control type="group">
		    <animation effect="fade" start="100" end="50" condition="!Control.HasFocus(8002)">Conditional</animation>
		    <include content="ParametricEQLabelLeft">
					<description>64Hz Frequency Band Label</description>
		      <param name="id" value="8102" />
		      <param name="top" value="240" />
		      <param name="label" value="$ADDON[adsp.parametric.eq 30152]" />
		    </include>
		    <include content="ParametricEQLabelRight">
					<description>64Hz dB Level</description>
		      <param name="id" value="8202" />
		      <param name="top" value="240" />
		      <param name="label" value="Value" />
		    </include>
			</control>
			<control type="slider" id="8002">
				<description>64Hz Frequency Band Slider</description>
				<top>246</top>
				<include>ParametricEQSlider</include>
				<onup>8001</onup>
				<ondown>8003</ondown>
				<onleft>8002</onleft>
				<onright>8002</onright>
			</control>
	
			<control type="group">
		    <animation effect="fade" start="100" end="50" condition="!Control.HasFocus(8003)">Conditional</animation>
		    <include content="ParametricEQLabelLeft">
					<description>128Hz Frequency Band Label</description>
		      <param name="id" value="8103" />
		      <param name="top" value="280" />
		      <param name="label" value="$ADDON[adsp.parametric.eq 30153]" />
		    </include>
		    <include content="ParametricEQLabelRight">
					<description>128Hz dB Level</description>
		      <param name="id" value="8203" />
		      <param name="top" value="280" />
		      <param name="label" value="Value" />
		    </include>
			</control>
			<control type="slider" id="8003">
				<description>128Hz Frequency Band Slider</description>
				<top>286</top>
				<include>ParametricEQSlider</include>
				<onup>8002</onup>
				<ondown>8004</ondown>
				<onleft>8003</onleft>
				<onright>8003</onright>
			</control>
	
			<control type="group">
		    <animation effect="fade" start="100" end="50" condition="!Control.HasFocus(8004)">Conditional</animation>
		    <include content="ParametricEQLabelLeft">
					<description>250Hz Frequency Band Label</description>
		      <param name="id" value="8104" />
		      <param name="top" value="320" />
		      <param name="label" value="$ADDON[adsp.parametric.eq 30154]" />
		    </include>
		    <include content="ParametricEQLabelRight">
					<description>250Hz dB Level</description>
		      <param name="id" value="8204" />
		      <param name="top" value="320" />
		      <param name="label" value="Value" />
		    </include>
			</control>
			<control type="slider" id="8004">
				<description>250Hz Frequency Band Slider</description>
				<top>326</top>
				<include>ParametricEQSlider</include>
				<onup>8003</onup>
				<ondown>8005</ondown>
				<onleft>8004</onleft>
				<onright>8004</onright>
			</control>
	
			<control type="group">
		    <animation effect="fade" start="100" end="50" condition="!Control.HasFocus(8005)">Conditional</animation>
		    <include content="ParametricEQLabelLeft">
					<description>500Hz Frequency Band Label</description>
		      <param name="id" value="8105" />
		      <param name="top" value="360" />
		      <param name="label" value="$ADDON[adsp.parametric.eq 30155]" />
		    </include>
		    <include content="ParametricEQLabelRight">
					<description>500Hz dB Level</description>
		      <param name="id" value="8205" />
		      <param name="top" value="360" />
		      <param name="label" value="Value" />
		    </include>
			</control>
			<control type="slider" id="8005">
				<description>500Hz Frequency Band Slider</description>
				<top>366</top>
				<include>ParametricEQSlider</include>
				<onup>8004</onup>
				<ondown>8006</ondown>
				<onleft>8005</onleft>
				<onright>8005</onright>
			</control>
	
			<control type="group">
		    <animation effect="fade" start="100" end="50" condition="!Control.HasFocus(8006)">Conditional</animation>
		    <include content="ParametricEQLabelLeft">
					<description>1kHz Frequency Band Label</description>
		      <param name="id" value="8106" />
		      <param name="top" value="400" />
		      <param name="label" value="$ADDON[adsp.parametric.eq 30156]" />
		    </include>
		    <include content="ParametricEQLabelRight">
					<description>1kHz dB Level</description>
		      <param name="id" value="8206" />
		      <param name="top" value="400" />
		      <param name="label" value="Value" />
		    </include>
			</control>
			<control type="slider" id="8006">
				<description>1kHz Frequency Band Slider</description>
				<top>406</top>
				<include>ParametricEQSlider</include>
				<onup>8005</onup>
				<ondown>8007</ondown>
				<onleft>8006</onleft>
				<onright>8006</onright>
			</control>
	
			<control type="group">
		    <animation effect="fade" start="100" end="50" condition="!Control.HasFocus(8007)">Conditional</animation>
		    <include content="ParametricEQLabelLeft">
					<description>2kHz Frequency Band Label</description>
		      <param name="id" value="8107" />
		      <param name="top" value="440" />
		      <param name="label" value="$ADDON[adsp.parametric.eq 30157]" />
		    </include>
		    <include content="ParametricEQLabelRight">
					<description>2kHz dB Level</description>
		      <param name="id" value="8207" />
		      <param name="top" value="440" />
		      <param name="label" value="Value" />
		    </include>
			</control>
			<control type="slider" id="8007">
				<description>2kHz Frequency Band Slider</description>
				<top>446</top>
				<include>ParametricEQSlider</include>
				<onup>8006</onup>
				<ondown>8008</ondown>
				<onleft>8007</onleft>
				<onright>8007</onright>
			</control>
	
			<control type="group">
		    <animation effect="fade" start="100" end="50" condition="!Control.HasFocus(8008)">Conditional</animation>
		    <include content="ParametricEQLabelLeft">
					<description>4kHz Frequency Band Label</description>
		      <param name="id" value="8108" />
		      <param name="top" value="480" />
		      <param name="label" value="$ADDON[adsp.parametric.eq 30158]" />
		    </include>
		    <include content="ParametricEQLabelRight">
					<description>4kHz dB Level</description>
		      <param name="id" value="8208" />
		      <param name="top" value="480" />
		      <param name="label" value="Value" />
		    </include>
			</control>
			<control type="slider" id="8008">
				<description>4kHz Frequency Band Slider</description>
				<top>486</top>
				<include>ParametricEQSlider</include>
				<onup>8007</onup>
				<ondown>8009</ondown>
				<onleft>8008</onleft>
				<onright>8008</onright>
			</control>
	
			<control type="group">
		    <animation effect="fade" start="100" end="50" condition="!Control.HasFocus(8009)">Conditional</animation>
		    <include content="ParametricEQLabelLeft">
					<description>8kHz Frequency Band Label</description>
		      <param name="id" value="8109" />
		      <param name="top" value="520" />
		      <param name="label" value="$ADDON[adsp.parametric.eq 30159]" />
		    </include>
		    <include content="ParametricEQLabelRight">
					<description>8kHz dB Level</description>
		      <param name="id" value="8209" />
		      <param name="top" value="520" />
		      <param name="label" value="Value" />
		    </include>
			</control>
			<control type="slider" id="8009">
				<description>8kHz Frequency Band Slider</description>
				<top>526</top>
				<include>ParametricEQSlider</include>
				<onup>8008</onup>
				<ondown>8010</ondown>
				<onleft>8009</onleft>
				<onright>8009</onright>
			</control>
	
			<control type="group">
		    <animation effect="fade" start="100" end="50" condition="!Control.HasFocus(8010)">Conditional</animation>
		    <include content="ParametricEQLabelLeft">
					<description>16kHz Frequency Band Label</description>
		      <param name="id" value="8110" />
		      <param name="top" value="560" />
		      <param name="label" value="$ADDON[adsp.parametric.eq 30160]" />
		    </include>
		    <include content="ParametricEQLabelRight">
					<description>16kHz dB Level</description>
		      <param name="id" value="8210" />
		      <param name="top" value="560" />
		      <param name="label" value="Value" />
		    </include>
			</control>
			<control type="slider" id="8010">
				<description>16kHz Frequency Band Slider</description>
				<top>566</top>
				<include>ParametricEQSlider</include>
				<onup>8009</onup>
				<ondown>10000</ondown>
				<onleft>8010</onleft>
				<onright>8010</onright>
			</control>
		</control>

		<!-- Control Buttons -->
		<control type="grouplist" id="10000">
			<left>938</left>
			<top>444</top>
			<height>168</height>
			<onleft>10001</onleft>
			<onright>10001</onright>
			<align>right</align>
			<defaultcontrol always="true">10053</defaultcontrol>
			<control type="button" id="10051">
				<description>Defaults</description>
	      <include>DialogsButtonsText</include>
	  		<texturefocus border="49,0,49,0">dialogs/buttons/settings_focus.png</texturefocus>
	  		<texturenofocus border="49,0,49,0">dialogs/buttons/settings_nofocus.png</texturenofocus>
				<label>$LOCALIZE[409]</label>
			</control>
			<control type="button" id="10052">
			  <description>Cancel</description>
	      <include>DialogsButtonsText</include>
	  		<texturefocus border="49,0,49,0">dialogs/buttons/cancel_focus.png</texturefocus>
	  		<texturenofocus border="49,0,49,0">dialogs/buttons/cancel_nofocus.png</texturenofocus>
				<label>$LOCALIZE[222]</label>
			</control>
			<control type="button" id="10053">
				<description>OK</description>
	      <include>DialogsButtonsText</include>
	  		<texturefocus border="49,0,49,0">dialogs/buttons/save_focus.png</texturefocus>
	  		<texturenofocus border="49,0,49,0">dialogs/buttons/save_nofocus.png</texturenofocus>
				<label>$LOCALIZE[186]</label>
			</control>
	  </control>

	</control>
 </controls>
</window>
