<?xml version="1.0" encoding="UTF-8"?>
<window  id="145">
	<defaultcontrol>11</defaultcontrol>
	<controls>

		<control type="group">
			<left>478</left>
			<top>40</top>
	    <animation type="WindowOpen">
	      <effect type="fade" start="0" end="100" time="250" tween="sine" easing="out" />
	      <effect type="slide" start="0,-35" end="0,0" time="300" tween="cubic" easing="out" />
	    </animation>
	    <animation type="WindowClose">
	      <effect type="fade" start="100" end="0" time="300" tween="sine" easing="out" />
	      <effect type="slide" start="0,0" end="0,-35" time="350" tween="sine" easing="out" />
	    </animation>
			<control type="image">
				<width>325</width>     
				<height>138</height> 
				<texture background="true" border="39">osd/volume/volume_bg.png</texture>
			</control>
			<control type="label" id="10">
				<description>Option Name</description>
				<left>25</left>
				<top>25</top>
				<label></label>
				<width>275</width>
				<height>30</height>
				<align>center</align>
				<font>FontSize_20</font>
				<textcolor>osdinfo</textcolor>
				<shadowcolor>77000000</shadowcolor>
			</control>
			<control type="slider" id="11">
				<description>Slider</description>
				<left>42</left>
				<top>56</top>
				<width>240</width>
				<height>26</height>
				<align>center</align>
				<orientation>horizontal</orientation>
				<texturesliderbar>osd/osd_slider_bg_fo.png</texturesliderbar>
				<textureslidernib>osd/osd_slider_nib_nf.png</textureslidernib>
				<textureslidernibfocus>osd/osd_slider_nib_fo.png</textureslidernibfocus>
				<animation effect="fade" end="90" condition="Control.HasFocus(11)">Conditional</animation>
			</control>
			<control type="label" id="12">
				<description>Slider Value</description>
				<left>25</left>
				<top>80</top>
				<label></label>
				<width>275</width>
				<height>30</height>
				<align>center</align>
				<font>FontSize_20</font>
				<textcolor>osdinfo</textcolor>
				<shadowcolor>77000000</shadowcolor>
			</control>
		</control>
	</controls>
</window>
