<?xml version="1.0" encoding="UTF-8"?>
<window  id="129">
	<defaultcontrol>10</defaultcontrol>
	<controls>
		<control type="group">
	    <include>CommonDialogsAnimation</include>
		  <visible>!Window.IsActive(virtualkeyboard) + !Window.IsActive(numericinput) + !Window.IsActive(filebrowser)</visible>
  	  <control type="image">
  			<left>313</left>
  			<top>171</top>
  		  <width>654</width>
  		  <height>57</height>
		    <colordiffuse>$VAR[Textures.GlobalColor]</colordiffuse>
  		  <texture background="true" border="9">dialogs/other/header.png</texture>
  	  </control>
  	  <control type="image">
  			<left>313</left>
  			<top>225</top>
  		  <width>654</width>
  		  <height>303</height>
  		  <texture background="true" border="39,19,39,19">dialogs/other/body.png</texture>
  	  </control>
			<control type="image">
				<description>background image</description>
				<include>FullscreenDimensions</include>
				<texture background="true">dialogs/other/bg_mediasources.png</texture>
			</control>
  		 <control type="image">
  			<left>315</left>
  			<top>224</top>
  			<width>650</width>
  			<height>4</height>
  			<aspectratio>stretch</aspectratio>
  			<texture background="true">dialogs/other/header_line.png</texture>
  		 </control>
  		<control type="label" id="2">
  			<description>header label</description>
				<left>325</left>
				<top>185</top>
				<width>580</width>
  	    <include>DialogsHeaderLabel</include>
        <label>Remove ID to Test, Remove ID to Test, Remove</label>
  		</control>
			<control type="label">
				<description>path label</description>
				<left>330</left>
				<top>235</top>
				<width>620</width>
				<height>30</height>
				<align>left</align>
				<aligny>center</aligny>
				<font>FontSize_16B</font>
				<label>1021</label>
				<textcolor>44ffffff</textcolor>
				<shadowcolor>99000000</shadowcolor>
			</control>
  		<control type="group" id="10010">
  			<control type="group" id="10020">
  				<control type="list" id="10">
  					<left>328</left>
  					<top>262</top>
  					<width>460</width>
  					<height>154</height>
  					<onleft>10030</onleft>
  					<onright>10030</onright>
  					<onup>12</onup>
  					<ondown>12</ondown>
  					<scrolltime>200</scrolltime>
  					<itemlayout height="51" width="450">
  						<control type="label">
  							<left>12</left>
  							<top>0</top>
  							<width>435</width>
  							<height>47</height>
  							<font>FontSize_20</font>
  							<align>left</align>
  							<aligny>center</aligny>
  							<textcolor>77ffffff</textcolor>
  							<selectedcolor>$VAR[Text.GlobalColor]</selectedcolor>
  							<info>ListItem.Label</info>
  						</control>
  					</itemlayout>
  					<focusedlayout height="51" width="450">
  						<control type="image">
  							<left>0</left>
  							<top>0</top>
  							<width>460</width>
  							<height>47</height>
  							<texture>buttons/focus.png</texture>
  							<visible>Control.HasFocus(10)</visible>
  						</control>
  						<control type="label">
  							<left>12</left>
  							<top>0</top>
  							<width>435</width>
  							<height>47</height>
  							<font>FontSize_20</font>
  							<align>left</align>
  							<aligny>center</aligny>
  							<textcolor>white</textcolor>
  							<selectedcolor>$VAR[Text.GlobalColor]</selectedcolor>
  							<info>ListItem.Label</info>
                <visible>Control.HasFocus(10)</visible>
  						</control>
  						<control type="label">
  							<left>12</left>
  							<top>0</top>
  							<width>435</width>
  							<height>47</height>
  							<font>FontSize_20</font>
  							<align>left</align>
  							<aligny>center</aligny>
  							<textcolor>77ffffff</textcolor>
  							<selectedcolor>$VAR[Text.GlobalColor]</selectedcolor>
  							<info>ListItem.Label</info>
                <visible>!Control.HasFocus(10)</visible>
  						</control>
  					</focusedlayout>
  				</control>
  				<control type="group" id="10030">
  					<left>792</left>
  					<top>262</top>
  					<control type="button" id="11">
  						<description>Browse Button</description>
  						<left>0</left>
  						<top>0</top>
  						<width>160</width>
  						<onleft>10</onleft>
  						<onright>10000</onright>
  						<onup>12</onup>
  						<ondown>13</ondown>
  						<label>1024</label>
  			      <align>center</align>
  		        <include>DialogsButton</include>
  					</control>
  					<control type="button" id="13">
  						<description>Add Path Button</description>
  						<left>0</left>
  						<top>51</top>
  						<width>160</width>
  						<onleft>10</onleft>
  						<onright>10000</onright>
  						<onup>11</onup>
  						<ondown>14</ondown>
  						<label>15019</label>
  			      <align>center</align>
  		        <include>DialogsButton</include>
  					</control>
  					<control type="button" id="14">
  						<description>Remove Path Button</description>
  						<left>0</left>
  						<top>102</top>
  						<width>160</width>
  						<onleft>10</onleft>
  						<onright>10000</onright>
  						<onup>13</onup>
  						<ondown>12</ondown>
  						<label>1210</label>
  			      <align>center</align>
  		        <include>DialogsButton</include>
  					</control>
  				</control>
  			</control>			
  			<control type="label">
  				<description>Name label</description>
  				<left>330</left>
  				<top>438</top>
  				<width>620</width>
  				<height>30</height>
  				<align>left</align>
  				<aligny>center</aligny>
  				<font>FontSize_16B</font>
  				<label>1022</label>
  				<textcolor>44ffffff</textcolor>
  				<shadowcolor>99000000</shadowcolor>
  			</control>
  			<control type="edit" id="12">
  				<description>Name Button</description>
  				<left>328</left>
  				<top>466</top>
  				<width>624</width>
  				<height>47</height>
  				<onup>10020</onup>
  				<ondown>10020</ondown>
  				<onleft>12</onleft>
  				<onright>10000</onright>
  	      <include>DialogsButton</include>
  			</control>
 			</control>

			<!-- Control Buttons -->
			<control type="grouplist" id="10000">
				<left>970</left>
				<top>414</top>
				<height>112</height>
				<onleft>10010</onleft>
				<onright>10010</onright>
				<align>right</align>
				<defaultcontrol always="true">18</defaultcontrol>
				<control type="button" id="19">
					<description>Cancel</description>
			    <include>DialogsButtonsText</include>
					<texturefocus border="49,0,49,0">dialogs/buttons/cancel_focus.png</texturefocus>
					<texturenofocus border="49,0,49,0">dialogs/buttons/cancel_nofocus.png</texturenofocus>
					<label>$LOCALIZE[222]</label>
				</control>
				<control type="button" id="18">
					<description>Save</description>
			    <include>DialogsButtonsText</include>
					<texturefocus border="49,0,49,0">dialogs/buttons/save_focus.png</texturefocus>
					<texturenofocus border="49,0,49,0">dialogs/buttons/save_nofocus.png</texturenofocus>
					<label>$LOCALIZE[190]</label>
          <animation effect="fade" start="100" end="50" time="0" condition="!Control.IsEnabled(18)">Conditional</animation>
				</control>
			</control>
		</control>
	</controls>
</window>
