<?xml version="1.0" encoding="UTF-8"?>
<window>
	<defaultcontrol always="true">10000</defaultcontrol>
<controls>
    <control type="group">
		<left>310</left>
		<top>235</top>
	    <include>CommonDialogsAnimation</include>
	    <visible>!Window.IsActive(VirtualKeyboard) + !Window.IsActive(NumericInput) + !Window.IsActive(SelectDialog)</visible>
	    <include>DialogConfirm</include>
		<control type="grouplist" id="10000">
			<left>-15</left>
			<top>170</top>
			<width>660</width>
			<height>44</height>
			<itemgap>20</itemgap>
		 	<align>right</align>
			<orientation>horizontal</orientation>
			<control type="button" id="11">
				<description>Yes button</description>
		    <include>DialogsButtonsYesNo</include>
				<label>$LOCALIZE[107]</label>
			</control>
			<control type="button" id="10">
				<description>No button</description>
		    <include>DialogsButtonsYesNo</include>
				<label>$LOCALIZE[106]</label>
			</control>
	 	</control>
	</control>
</controls>
</window>