<?xml version="1.0" encoding="UTF-8"?>
<window id="136">
	<controls>
	<control type="image">
	    <description>Vignette</description>
	    <include>FullscreenDimensions</include>
        <texture background="true">windows/bg/bg_overlay.png</texture>
		<animation effect="fade" time="15000" delay="350" tween="sine" easing="out" reversible="false">WindowOpen</animation>
		<animation effect="fade" time="350" tween="sine" easing="in" reversible="false">WindowClose</animation>
	</control>
	<control type="group">
		<left>44</left>
		<top>639</top>
		<control type="image">
		    <width>458</width>
		    <height>178</height>			    
		    <aspectratio>keep</aspectratio>
		    <texture background="true">dialogs/busy/bg_panel_busy.png</texture>
		</control>
		<control type="grouplist">
			<include>NotificationsAnimations</include>
			<left>0</left>
			<top>0</top>
			<width>1000</width>
		    <height>60</height>
			<align>left</align>
			<itemgap>10</itemgap>
			<orientation>horizontal</orientation>			
			<control type="group">
			    <width>54</width>			    
		    <control type="image">
		    	<width>58</width>
		    	<height>58</height>
			    <colordiffuse>$VAR[Textures.GlobalColor]</colordiffuse>
		        <aspectratio>keep</aspectratio>
		    	<texture background="true">dialogs/busy/panel_busy.png</texture>
		    </control>
		    <control type="image">
		    	<width>58</width>
		    	<height>58</height>
			    <colordiffuse>$VAR[Textures.GlobalColor]</colordiffuse>
		        <aspectratio>keep</aspectratio>
		    	<texture background="true">dialogs/busy/busy.png</texture>
		        <animation effect="rotate" start="0" end="-360" center="auto" time="1500" loop="true" condition="true">conditional</animation>
		    </control>
	    </control>
			<control type="label">
				<height>54</height>
				<width min="10" max="200">auto</width>
		        <label>$INFO[Control.GetLabel(10),,%]</label>
				<align>left</align>
				<aligny>center</aligny>
				<font>FontSize_40</font>
				<textcolor>$VAR[Textures.GlobalColor]</textcolor>
				<shadowcolor>77000000</shadowcolor>
				<visible>Integer.IsGreater(Control.GetLabel(10),0)</visible>
			</control>
			<control type="fadelabel">
				<height>54</height>
				<width min="10" max="1000">auto</width>
				<label>$LOCALIZE[31006]</label>
				<label>$LOCALIZE[31007]</label>
				<align>left</align>
				<aligny>center</aligny>
				<font>FontSize_40</font>
				<textcolor>$VAR[Textures.GlobalColor]</textcolor>
				<shadowcolor>77000000</shadowcolor>
                <scroll>false</scroll>
                <scrollout>false</scrollout>
                <scrollspeed>100</scrollspeed>
                <pauseatend>5000</pauseatend>
			</control>
		</control>
		<control type="progress" id="10">
			<description>progress control</description>
			<include>HiddenItem</include>
            <visible>false</visible>
		</control>
     </control>
  </controls>
</window>
