<?xml version="1.0" encoding="UTF-8"?>
<window  id="147">
	<defaultcontrol>60</defaultcontrol>
	<controls>
		<control type="group">
		  <include>CommonDialogsAnimation</include>
  	  <control type="image">
  			<left>211</left>
  			<top>141</top>
  		  <width>859</width>
  		  <height>62</height>
		    <colordiffuse>$VAR[Textures.GlobalColor]</colordiffuse>
  		  <texture background="true" border="9">dialogs/other/header.png</texture>
  	  </control>
  	  <control type="image">
  			<left>211</left>
  			<top>200</top>
  		  <width>859</width>
  		  <height>390</height>
  		  <texture background="true" border="39,19,39,19">dialogs/other/body.png</texture>
  	  </control>
  		<control type="image">
  			<left>213</left>
  			<top>199</top>
  			<width>855</width>
  			<height>4</height>
  			<aspectratio>stretch</aspectratio>
  			<texture background="true">dialogs/other/header_line.png</texture>
  		</control>
  		<control type="label" id="1">
  			<description>header label</description>
  			<left>225</left>
  			<top>159</top>
  			<width>560</width>
  	    <include>DialogsHeaderLabel</include>
        <label></label>
  		</control>
			<control type="group">
				<left>232</left>
				<top>210</top>
				<control type="textbox" id="5">
					<description>textarea</description>
					<left>0</left>
					<top>0</top>
					<width>815</width>
					<height>365</height>
					<label></label>
					<font>FontSize_24</font>
					<textcolor>99ffffff</textcolor>
					<shadowcolor>99000000</shadowcolor>
					<pagecontrol>60</pagecontrol>
			    <autoscroll delay="8000" time="2000" repeat="8000" />
				</control>
				<control type="scrollbar" id="60">
					<left>0</left>
					<top>0</top>
					<width>25</width>
					<height>490</height>
					<texturesliderbackground/>
					<texturesliderbar></texturesliderbar>
					<texturesliderbarfocus></texturesliderbarfocus>
					<textureslidernib/>
					<textureslidernibfocus/>
					<onleft>Close</onleft>
					<onright>Close</onright>
					<oninfo>Close</oninfo>
					<ondown>60</ondown>
					<onup>60</onup>
					<showonepage>true</showonepage>
					<orientation>vertical</orientation>
				</control>
			</control>
		</control>
	</controls>
</window>
