<?xml version="1.0" encoding="UTF-8"?>
<window  id="140">
 <defaultcontrol always="true">5</defaultcontrol>
 <controls>

	<control type="group">
	 <animation type="WindowOpen" condition="Window.IsVisible(contentsettings) | Window.IsVisible(okdialog) | Window.IsVisible(progressdialog) | Window.IsVisible(1112) | Window.IsVisible(SubtitleSearch)" reversible="false">
		<effect type="fade" start="0" end="100" time="0" delay="300" />
	 </animation>

	 <control type="group">
		<visible>!Window.IsActive(virtualkeyboard) + !Window.IsActive(numericinput) + !Window.IsActive(textviewer) + !Window.IsActive(okdialog) + !Window.IsActive(progressdialog) + !Window.IsActive(filebrowser) + !Window.IsActive(sliderdialog) + !Window.IsActive(selectdialog) + !Window.IsActive(DialogSelect.xml)</visible>
	  <include>CommonDialogsAnimation</include>
		<control type="image">
			<left>176</left>
			<top>164</top>
			<width>931</width>
			<height>429</height>
		  <texture border="59">views/other/panel.png</texture>
		</control>
		<control type="image">
			<include>FullscreenDimensions</include>
		  <texture background="true">windows/settings/addon_settings_separators.png</texture>
		</control>

		<control type="label" id="20">
			<description>header label</description>
			<left>190</left>
			<top>120</top>
			<width>920</width>
			<height>45</height>
			<font>FontSize_34B</font>
			<label>$LOCALIZE[31114]-$INFO[ListItem.AddonName]</label>
			<align>left</align>
			<aligny>center</aligny>
			<textcolor>bbwhite</textcolor>
			<shadowcolor>99000000</shadowcolor>
			<scroll>false</scroll>
		</control>

	  <control type="group" id="9000">
		 <top>170</top>
	   <control type="group">
			<left>182</left>
  		<control type="image">
  			<width>262</width>
  			<height>362</height>
  		  <texture border="49">thumbs/thumb_border.png</texture>
  		</control>
			<control type="grouplist" id="3">
				<description>category area</description>
				<left>6</left>
				<top>6</top>
				<width>250</width>
				<height>350</height>
				<itemgap>0</itemgap>
				<onleft>10000</onleft>
				<onright>5</onright>
				<onup>10000</onup>
				<ondown>10000</ondown>
			</control>
			<control type="button" id="10">
				<description>default category button</description>
				<width>250</width>
	    	<include>SettingsButtonLeft</include>
			</control>
		 </control>

	   <control type="group">
			<left>444</left>
  		<control type="image">
  			<width>657</width>
  			<height>362</height>
  		  <texture border="49">thumbs/thumb_border.png</texture>
  		</control>
			<control type="grouplist" id="5">
				<description>control area</description>
				<left>6</left>
				<top>6</top>
				<width>645</width>
				<height>350</height>
				<itemgap>0</itemgap>
				<onup>5</onup>
				<ondown>5</ondown>
				<onleft>3</onleft>
				<onright>3</onright>
			</control>
			<control type="button" id="7">
				<description>Default Button</description>
		    <include>SettingsButton</include>
			</control>
			<control type="radiobutton" id="8">
				<description>Default RadioButton</description>
				<radioposx>609</radioposx>
				<textwidth>589</textwidth>
		    <include>SettingsRadioButton</include>
			</control>
			<control type="spincontrolex" id="9">
				<description>Default spincontrolex</description>
				<textwidth>400</textwidth>
		    <include>SettingsSpincontrolex</include>
			</control>
			<control type="sliderex" id="13">
				<description>Default Slider</description>
				<textwidth>400</textwidth>
	      <include>SettingsSliderex</include>
			</control>
			<control type="label" id="14">
			  <width>585</width>
				<height>50</height>
			  <font>FontSize_20</font>
				<label>-</label>
				<textcolor>white</textcolor>
				<align>left</align>
				<aligny>center</aligny>
    	  <textoffsetx>15</textoffsetx>
			</control>
			<control type="image" id="11">
				<description>Default Seperator</description>
				<include>HiddenItem</include>
        <visible>false</visible>
			</control>
	   </control>
	  </control>

    <!-- Buttons Area -->
	  <control type="group">
			<left>182</left>
			<top>532</top>
  		<control type="image">
  			<width>919</width>
  			<height>56</height>
  		  <texture border="49,0,49,9">thumbs/thumb_border.png</texture>
  		</control>
			<control type="grouplist" id="10000">
				<left>5</left>
				<top>8</top>
				<width>909</width>
				<height>40</height>
				<itemgap>0</itemgap>
				<align>left</align>
				<orientation>horizontal</orientation>
				<onleft>10000</onleft>
				<onright>10000</onright>
				<onup>9000</onup>
				<ondown>9000</ondown>
				<control type="button" id="28">
					<description>Save</description>
    			<width>147</width>
    			<height>40</height>
    			<aligny>top</aligny>
		      <align>left</align>
    			<font>FontSize_20</font>
    			<textwidth>120</textwidth>
    			<textoffsetx>40</textoffsetx>
    			<textoffsety>6</textoffsety>
    			<textcolor>77white</textcolor>
    			<focusedcolor>white</focusedcolor>
    			<shadowcolor>99000000</shadowcolor>
					<texturefocus border="39,3,39,39">dialogs/buttons/save_focus_two.png</texturefocus>
					<texturenofocus border="39,3,39,39">dialogs/buttons/save_nofocus_two.png</texturenofocus>
				</control>
				<control type="button" id="29">
					<description>Cancel</description>
    			<width>170</width>
    			<height>40</height>
    			<aligny>top</aligny>
		      <align>left</align>
    			<font>FontSize_20</font>
    			<textwidth>120</textwidth>
    			<textoffsetx>40</textoffsetx>
    			<textoffsety>6</textoffsety>
    			<textcolor>77white</textcolor>
    			<focusedcolor>white</focusedcolor>
    			<shadowcolor>99000000</shadowcolor>
					<texturefocus border="39,3,39,39">dialogs/buttons/cancel_focus_two.png</texturefocus>
					<texturenofocus border="39,3,39,39">dialogs/buttons/cancel_nofocus_two.png</texturenofocus>
				</control>
				<control type="button" id="30">
					<description>Defaults</description>
    			<width>170</width>
    			<height>40</height>
    			<aligny>top</aligny>
		      <align>left</align>
    			<font>FontSize_20</font>
    			<textwidth>120</textwidth>
    			<textoffsetx>40</textoffsetx>
    			<textoffsety>6</textoffsety>
    			<textcolor>77white</textcolor>
    			<focusedcolor>white</focusedcolor>
    			<shadowcolor>99000000</shadowcolor>
					<texturefocus border="39,3,39,39">dialogs/buttons/settings_focus_two.png</texturefocus>
					<texturenofocus border="39,3,39,39">dialogs/buttons/settings_nofocus_two.png</texturenofocus>
				  <label>409</label>
				</control>
			</control>
	  </control>
	 </control>
  </control>
 </controls>
</window>
