<?xml version="1.0" encoding="UTF-8"?>
<window  id="3">
	<defaultcontrol>20</defaultcontrol>
	<backgroundcolor/>
	<controls>
		<include>BackgroundItems</include>

  	<control type="group"> 
	    <include>OpenCloseSlideAnimationTwo</include>
        <include>InfoDialogs_ContentInfoAnimation</include>
  		<control type="image">
  			<left>108</left>
  			<top>147</top>
  			<width>1062</width>
  			<height>477</height>
  			<aspectratio>stretch</aspectratio>
  		  <texture border="59">views/other/panel.png</texture>
  		</control>
  		<control type="group">
  			<left>118</left>
  			<top>155</top>
    		<control type="image">
    			<top>46</top>
    			<width>515</width>
    			<height>318</height>
    			<aspectratio>stretch</aspectratio>
    			<texture>windows/filemanager/lines_seperators.png</texture>
  			  <animation effect="fade" start="100" end="0" time="200" condition="Control.HasFocus(20) + Window.IsActive(contextmenu)">Conditional</animation>
    		</control>
    		<control type="image">
        	<left>-6</left>
        	<top>-4</top>
    			<width>527</width>
    			<height>417</height>
    		  <texture border="49">thumbs/thumb_border.png</texture>
    		</control>
  			<control type="label" id="101">
  				<left>0</left>
  				<top>-35</top>
  				<width>512</width>
  				<height>30</height>
  				<font>FontSize_20B</font>
  				<textcolor>bbffffff</textcolor>
  				<shadowcolor>99000000</shadowcolor>
  				<scroll>false</scroll>
  				<align>left</align>
  				<aligny>center</aligny>
  			</control>
  			<control type="list" id="20">
  				<left>0</left>
  				<top>0</top>
  				<width>515</width>
  				<height>410</height>
  				<onleft>60</onleft>
  				<onright>21</onright>
  				<onup>20</onup>
  				<ondown>20</ondown>
  				<viewtype>list</viewtype>
  				<pagecontrol>60</pagecontrol>
  			  <scrolltime tween="Quadratic" easing="out">250</scrolltime>
  			  <animation effect="fade" start="100" end="0" time="200" condition="Control.HasFocus(20) + Window.IsActive(contextmenu)">Conditional</animation>
  				<itemlayout height="45" width="515">
  					<control type="label">
  						<left>13</left>
  						<top>0</top>
  						<width>450</width>
  						<height>48</height>
  						<font>FontSize_20</font>
  						<textcolor>77ffffff</textcolor>
  						<selectedcolor>77ffffff</selectedcolor>
  		        <shadowcolor>99000000</shadowcolor>
  						<align>left</align>
  						<aligny>center</aligny>
  						<info>ListItem.Label</info>
  					</control>
  					<control type="label">
  						<left>183</left>
  						<top>0</top>
  						<width>320</width>
  						<height>50</height>
  						<font>FontSize_20</font>
  						<textcolor>77ffffff</textcolor>
  						<selectedcolor>77ffffff</selectedcolor>
  		        <shadowcolor>99000000</shadowcolor>
  						<align>right</align>
  						<aligny>center</aligny>
  						<info>ListItem.Label2</info>
  					</control>
  				</itemlayout>
  				<focusedlayout height="45" width="515">
  					<control type="image">
  						<left>0</left>
  						<top>2</top>
  						<width>515</width>
  						<height>45</height>
  				    <texture background="true" border="1">buttons/focus.png</texture>
  						<visible>!Control.HasFocus(20)</visible>
  			      <animation effect="fade" start="100" end="40" time="200" condition="!Control.HasFocus(20)">Conditional</animation>
  					</control>
  					<control type="image">
  						<left>0</left>
  						<top>2</top>
  						<width>515</width>
  						<height>45</height>
  				    <texture background="true" border="1">buttons/focus.png</texture>
  						<visible>Control.HasFocus(20)</visible>
  	          <include>ListFocusAnimation</include> -->
  					</control>
  					<control type="label">
  						<left>13</left>
  						<top>0</top>
  						<width>450</width>
  						<height>48</height>
  						<font>FontSize_20</font>
  						<textcolor>white</textcolor>
  						<selectedcolor>white</selectedcolor>
  		        <shadowcolor>99000000</shadowcolor>
  						<align>left</align>
  						<aligny>center</aligny>
  						<info>ListItem.Label</info>
  					</control>
  					<control type="label">
  						<left>183</left>
  						<top>0</top>
  						<width>320</width>
  						<height>50</height>
  						<font>FontSize_20</font>
  						<textcolor>white</textcolor>
  						<selectedcolor>white</selectedcolor>
  		        <shadowcolor>99000000</shadowcolor>
  						<align>right</align>
  						<aligny>center</aligny>
  						<info>ListItem.Label2</info>
  					</control>
  				</focusedlayout>
  			</control>
  			<control type="scrollbar" id="60">
  				<left>-7</left>
  				<top>1</top>
  				<width>3</width>
  				<height>407</height>
  				<texturesliderbackground/>
  				<texturesliderbar border="0,14,0,14">views/scrollbar/scrollbar_pvr.png</texturesliderbar>
  				<texturesliderbarfocus border="0,14,0,14">views/scrollbar/scrollbar_pvr.png</texturesliderbarfocus>
  				<textureslidernib/>
  				<textureslidernibfocus/>
  				<onleft>21</onleft>
  				<onright>20</onright>
  				<showonepage>false</showonepage>
  				<orientation>vertical</orientation>
  			  <animation effect="fade" start="100" end="0" time="250" condition="!Control.HasFocus(60)">Conditional</animation>
  				<visible>Control.IsVisible(20)</visible>
  			</control>
  		</control>
  		
  		<control type="group">
  			<left>645</left>
  			<top>155</top>
    		<control type="image">
    			<top>46</top>
    			<width>515</width>
    			<height>318</height>
    			<aspectratio>stretch</aspectratio>
    			<texture>windows/filemanager/lines_seperators.png</texture>
  			  <animation effect="fade" start="100" end="0" time="200" condition="Control.HasFocus(21) + Window.IsActive(contextmenu)">Conditional</animation>
    		</control>
    		<control type="image">
        	<left>-6</left>
        	<top>-4</top>
    			<width>527</width>
    			<height>417</height>
    		  <texture border="49">thumbs/thumb_border.png</texture>
    		</control>
  			<control type="label" id="102">
  				<left>0</left>
  				<top>-35</top>
  				<width>512</width>
  				<height>30</height>
  				<font>FontSize_20B</font>
  				<textcolor>bbffffff</textcolor>
  				<shadowcolor>99000000</shadowcolor>
  				<scroll>false</scroll>
  				<align>right</align>
  				<aligny>center</aligny>
  			</control>
  			<control type="list" id="21">
  				<left>0</left>
  				<top>0</top>
  				<width>515</width>
  				<height>410</height>
  				<onleft>20</onleft>
  				<onright>60</onright>
  				<onup>21</onup>
  				<ondown>21</ondown>
  				<viewtype>list</viewtype>
  				<pagecontrol>60</pagecontrol>
  			  <scrolltime tween="Quadratic" easing="out">250</scrolltime>
  			  <animation effect="fade" start="100" end="0" time="200" condition="Control.HasFocus(21) + Window.IsActive(contextmenu)">Conditional</animation>
  				<itemlayout height="45" width="515">
  					<control type="label">
  						<left>13</left>
  						<top>0</top>
  						<width>450</width>
  						<height>45</height>
  						<font>FontSize_20</font>
  						<textcolor>77ffffff</textcolor>
  						<selectedcolor>77ffffff</selectedcolor>
  		        <shadowcolor>99000000</shadowcolor>
  						<align>left</align>
  						<aligny>center</aligny>
  						<info>ListItem.Label</info>
  					</control>
  					<control type="label">
  						<left>183</left>
  						<top>0</top>
  						<width>320</width>
  						<height>45</height>
  						<font>FontSize_20</font>
  						<textcolor>77ffffff</textcolor>
  						<selectedcolor>77ffffff</selectedcolor>
  		        <shadowcolor>99000000</shadowcolor>
  						<align>right</align>
  						<aligny>center</aligny>
  						<info>ListItem.Label2</info>
  					</control>
  				</itemlayout>
  				<focusedlayout height="45" width="515">
  					<control type="image">
  						<left>0</left>
  						<top>2</top>
  						<width>515</width>
  						<height>45</height>
  				    <texture background="true" border="1">buttons/focus.png</texture>
  						<visible>!Control.HasFocus(21)</visible>
  			      <animation effect="fade" start="100" end="40" time="200" condition="!Control.HasFocus(21)" reversible="true">Conditional</animation>
  					</control>
  					<control type="image">
  						<left>0</left>
  						<top>2</top>
  						<width>515</width>
  						<height>45</height>
  				    <texture background="true" border="1">buttons/focus.png</texture>
  						<visible>Control.HasFocus(21)</visible>
  	          <include>ListFocusAnimation</include> -->
  					</control>
  					<control type="label">
  						<left>13</left>
  						<top>0</top>
  						<width>450</width>
  						<height>45</height>
  						<font>FontSize_20</font>
  						<textcolor>white</textcolor>
  						<selectedcolor>white</selectedcolor>
  		        <shadowcolor>99000000</shadowcolor>
  						<align>left</align>
  						<aligny>center</aligny>
  						<info>ListItem.Label</info>
  					</control>
  					<control type="label">
  						<left>183</left>
  						<top>0</top>
  						<width>320</width>
  						<height>45</height>
  						<font>FontSize_20</font>
  						<textcolor>white</textcolor>
  						<selectedcolor>white</selectedcolor>
  		        <shadowcolor>99000000</shadowcolor>
  						<align>right</align>
  						<aligny>center</aligny>
  						<info>ListItem.Label2</info>
  					</control>
  				</focusedlayout>
  			</control>
  			<control type="scrollbar" id="60">
  				<left>519</left>
  				<top>1</top>
  				<width>3</width>
  				<height>407</height>
  				<texturesliderbackground/>
  				<texturesliderbar border="0,14,0,14">views/scrollbar/scrollbar_pvr.png</texturesliderbar>
  				<texturesliderbarfocus border="0,14,0,14">views/scrollbar/scrollbar_pvr.png</texturesliderbarfocus>
  				<textureslidernib/>
  				<textureslidernibfocus/>
  				<onleft>21</onleft>
  				<onright>20</onright>
  				<showonepage>false</showonepage>
  				<orientation>vertical</orientation>
  			  <animation effect="fade" start="100" end="0" time="250" condition="!Control.HasFocus(60)" reversible="true">Conditional</animation>
  				<visible>Control.IsVisible(21)</visible>
  			</control>
  		</control>
  
  		<control type="image">
  			<left>112</left>
  			<top>569</top>
  			<width>1054</width>
  			<height>50</height>
    	  <texture border="49,0,49,9">thumbs/thumb_border.png</texture>
  		</control>
  		<control type="fadelabel">
  			<left>445</left>
  			<top>575</top>
  			<width>400</width>
  			<height>40</height>
  			<font>FontSize_20</font>
  			<align>center</align>
  			<textcolor>77ffffff</textcolor>
  		  <shadowcolor>99000000</shadowcolor>
  			<label>$INFO[System.Totalspace,, $LOCALIZE[20182]]</label>
  			<label>$INFO[System.Freespace,, $LOCALIZE[20182]]</label>
        <scroll>false</scroll>
        <scrollout>false</scrollout>
        <scrollspeed>100</scrollspeed>
        <pauseatend>7000</pauseatend>
  	    <animation effect="fade" start="0" end="100" time="400" tween="sine" easing="inout">Visible</animation>
  	    <animation effect="fade" start="100" end="0" time="400" tween="sine" easing="inout">Hidden</animation>
  		</control>
  	</control>

		<include>CommonItems</include>
		<include>CommonWeatherAndClock</include>
		
    <!-- ================ -->
    <!-- Top Content Info -->
    <!-- ================ -->
	  <control type="group">
			<left>45</left>
			<top>25</top>
  	     	<include>ShutdownMenuAnimation</include>
            <include>InfoDialogs_ContentInfoAnimation</include>
            <include>VisibleHiddenSlideAnimation</include>
		    <visible>!ControlGroup(9000).HasFocus</visible>
			<control type="grouplist">
				<left>0</left>
				<top>0</top>
				<height>70</height>
				<width>1000</width>
				<align>left</align>
				<itemgap>15</itemgap>
				<orientation>horizontal</orientation>
	            <include>LogoBig</include>
		        <include>OpenCloseSlideAnimationTwo</include>
  			<control type="label">
  			    <include>TopBigLabel</include>
  				<label>$LOCALIZE[7]</label>
  			</control>
  			<control type="label">
  			    <include>TopSmallLabel</include>
                <label>$INFO[Control.GetLabel(101)]</label>
  		        <visible>Control.HasFocus(20)</visible>
  			</control>
  			<control type="label">
  			    <include>TopSmallLabel</include>
                <label>$INFO[Control.GetLabel(102)]</label>
  		        <visible>Control.HasFocus(21)</visible>
  			</control>
		</control>
    </control>

	</controls>
</window>