<?xml version="1.0" encoding="UTF-8"?>
<window>
	<defaultcontrol always="true">20</defaultcontrol>

	<onload>SetProperty(RefreshList,1,Home)</onload>
	<onload>Skin.SetBool(enable.smartish.widgets)</onload>
	<onload>SetProperty(SkinHelper.WidgetContainer,25,Home)</onload>
	<onload condition="System.HasAddon(script.skinshortcuts)">RunScript(script.skinshortcuts,type=buildxml&amp;mode=single&amp;options=clonewidgets&amp;mainmenuID=20&amp;options=noGroups)</onload>
	<onload condition="System.HasAddon(script.artistslideshow) + String.IsEmpty(Window(Visualisation).Property(ArtistSlideshowRunning))">RunScript(script.artistslideshow, daemon=True)</onload>
	<onunload>ClearProperty(SkinHelper.WidgetContainer,Home)</onunload>
	<onload>AlarmClock(Clear,ClearProperty(SmoothStart,Home),00:01,silent)</onload>
	<animation effect="fade" start="0" end="100" time="1000" tween="quadratic" condition="!String.IsEmpty(Window(Home).Property(SmoothStart))">WindowOpen</animation>
	<controls>
		<include>BackgroundContent</include>
		<include>HomeWidgets_Fanart</include>
		<include>BackgroundVignette</include>
    <control type="group">
    	<include>InfoDialogsVisible_ZoomAnimation</include>
    	<!-- NERO MOD -->
		  <control type="group">
		    <left>25</left>
		    <top>45</top>
        <include>OpenCloseSlideAnimationTwo</include>
	       <include>VisibleHiddenSlideAnimation</include>
        <include>WeatherAndClock</include>
        <animation type="Conditional" condition="[Window.IsActive(MovieInformation) | Window.IsActive(MusicInformation) | Window.IsActive(SongInformation) | Window.IsActive(AddonInformation) | Window.IsActive(script-script.extendedinfo-DialogInfo.xml) | Window.IsActive(script-script.extendedinfo-DialogVideoInfo.xml) | Window.IsActive(script-script.extendedinfo-VideoList.xml) | Window.IsActive(script-script.extendedinfo-YoutubeList.xml)] | ng.IsEmpty(Window(Home).Property(infodialogs.active))">
          <effect type="slide" start="0,0" end="0,AnimationsSlide" time="AnimationsSlideTime" tween="quadratic" easing="in" />
          <effect type="fade" start="100" end="0" time="AnimationsFadeTime" />
        </animation>
        <animation type="Conditional" condition="!Window.IsActive(script-globalsearch-main.xml)">
          <include>CommonVisibleEffect</include>
        </animation>
		  </control>
    	<include condition="!Skin.HasSetting(ClassicHomeMenu)">HomeMenuWraplist</include>
    	<include condition="Skin.HasSetting(ClassicHomeMenu)">HomeMenuWraplistClassic</include>
    	<include>HomeSubMenus</include>
    	<include condition="!Skin.HasSetting(ClassicHomeMenu)">HomeMenuExtraInfo</include>
    	<include condition="Skin.HasSetting(ClassicHomeMenu)">HomeMenuExtraInfoClassic</include>
    	<include>HomeWidgets_Lists</include>
    	<include>HomeNowPlaying</include>
    	<include>CommonDialogsFadeOutBG</include>
    	<include>HomeWidgets_ContentInfo</include>
    	<include>TopHomeMenu</include>
    	<include>DebugInfo</include>
    </control>
	</controls>
</window>
