<?xml version="1.0" encoding="UTF-8"?>
<includes>
		<!-- ===================== -->
		<!-- HomeMenu List Buttons -->
		<!-- ===================== -->
		<include name="HomeMenuWraplist">
			<control type="group">
			  <include>VisibleHiddenSlideAnimation</include>
        <animation effect="slide" start="0,0" end="0,50" time="200" tween="sine" easing="out" condition="!Control.HasFocus(23)">Conditional</animation>

				<!-- NERO MOD -->
    	  <control type="image">
			  	<visible>!Skin.HasSetting(HomeMenuOverlay)</visible>
	        <include>FullscreenDimensions</include>
    	  	<texture background="true">windows/home/menu_overlay.png</texture>
			  	<include>HomeMenu_OpenCloseSlideAnimation</include>
    	  </control>

			  <!-- NERO MOD -->
			  <include>PULSE</include>
			  <control type="wraplist" id="20">
			  	<description>Home Container</description>
			  	<include>HomeMenu_OpenCloseSlideAnimation</include>
			  	<include>HomeMenu_Submenu_HiddenAnimation</include>
			  	<left>42</left>
			  	<top>160</top>
			  	<width>2900</width>
			  	<height>533</height>
			    <onup condition="Control.IsVisible(25)">SetFocus(25)</onup>
			    <onup condition="String.IsEmpty(Container(20).ListItem.Property(widgetPath)) | String.IsEqual(Container(25).NumItems,0)">SetFocus(21)</onup>
			    <ondown condition="[String.Contains(Container(20).ListItem.Property(hasSubmenu),True) + Integer.IsGreater(Container(23).NumItems,0)]">SetFocus(23)</ondown>
			  	<onleft>20</onleft>
			  	<onright>20</onright>
			  	<itemgap>0</itemgap>
			  	<orientation>horizontal</orientation>
			  	<focusposition>0</focusposition>
		      <preloaditems>4</preloaditems>
          <scrolltime tween="quadratic" easing="out">250</scrolltime>
			  	<itemlayout width="300">
			      <control type="label">
			  	    <left>0</left>
			  	  	<top>210</top>
			  	  	<width>300</width>
			  	    <scroll>false</scroll>
	            <textcolor>99ffffff</textcolor>
			        <shadowcolor>99000000</shadowcolor>
			  	  	<font>FontSize_48</font>
			  	  	<label>$INFO[ListItem.Label]</label>
			  	  </control>
			  	</itemlayout>
			    <focusedlayout width="360">
			  		<control type="label">
			  		  <left>0</left>
			  			<top>200</top>
			  			<width>360</width>
			  	    <scroll>false</scroll>
	            <textcolor>white</textcolor>
			        <shadowcolor>99000000</shadowcolor>
			  			<font>FontSize_80</font>
			  			<label>$INFO[ListItem.Label]</label>
  	          <animation type="Conditional" condition="ControlGroup(21).HasFocus">
  	            <effect type="zoom" start="100" end="73" time="150" center="0,245" />
  	            <effect type="fade" start="100" end="45" time="150" />
  	          </animation>
			  		</control>
			  	</focusedlayout>
	          <content><include>skinshortcuts-mainmenu</include></content>
			  </control>
		  </control>
	  </include>

	  <!-- ========================================= -->
	  <!-- HomeMenu Extra Info & Submenus Indicators -->
	  <!-- ========================================= -->
		<include name="HomeMenuExtraInfo">
  		<control type="group">
        <!-- Submenus Indicators -->
  			<control type="group">
				<include>HomeMenu_Submenu_HiddenAnimation</include>
          <animation type="Conditional" condition="ControlGroup(21).HasFocus | Control.HasFocus(23)">
            <effect type="slide" start="0,0" end="0,-50" time="200" tween="sine" easing="in" />
            <effect type="fade" start="100" end="0" time="150" />
          </animation>
				<control type="wraplist" id="31">
			    <left>0</left>
			    <top>0</top>
			    <height>2</height>
			    <width>2</width>
			    <orientation>horizontal</orientation>
			    <focusposition>0</focusposition>
			    <autoscroll time="4000">true</autoscroll>
			    <viewtype>list</viewtype>
			    <itemlayout width="2" height="2" />
			    <focusedlayout width="2" height="2" />
			    <content>
		        <item id="1">
	            <onclick>noop</onclick>
	            <visible>!String.IsEmpty(Container(20).ListItem.Property(widgetName)) + !Skin.HasSetting(AutoHideHomeWidgets)</visible>
		        </item>
		        <item id="2">
	            <onclick>noop</onclick>
	    		    <visible>String.Contains(Container(20).ListItem.Property(hasSubmenu),True)</visible>
		        </item>
					</content>
				</control>

    		<control type="grouplist">
    		  <left>47</left>
    		  <top>480</top>
    			<width>600</width>
    			<align>left</align>
  			  <itemgap>6</itemgap>
				  <include>HomeMenu_OpenCloseSlideAnimation</include>
				  <include>HomeMenu_ExtraInfo_ScrollAnimation</include>
	    		<visible>Container(31).HasFocus(1)</visible>
    			<orientation>horizontal</orientation>
    			<control type="image">
    				<width>22</width>
    				<height>22</height>
    				<aspectratio>stretch</aspectratio>
    				<texture background="true" flipy="true">icons/submenu_arrow.png</texture>
    				<colordiffuse>99ffffff</colordiffuse>
	    		  <visible>!String.IsEmpty(Container(20).ListItem.Property(widgetName))</visible>
    			</control>
    			<control type="label">
    				<width>490</width>
    				<height>21</height>
    				<font>FontSize_16B</font>
    				<label>$INFO[Container(20).ListItem.Property(widgetName),$LOCALIZE[31092]: ]</label>
    				<textcolor>99ffffff</textcolor>
    				<scroll>false</scroll>
    			</control>
    		</control>
    		  <control type="grouplist">
    		  	<left>47</left>
    		  	<top>480</top>
    		    <width>600</width>
    		    <align>left</align>
  			  	<itemgap>6</itemgap>
  			    <include>HomeMenu_OpenCloseSlideAnimation</include>
				  	<include>HomeMenu_ExtraInfo_ScrollAnimation</include>
	    	    <visible>Container(31).HasFocus(2)</visible>
    		  	<orientation>horizontal</orientation>
    		  	<control type="image">
    		  	  <width>22</width>
    		  		<height>22</height>
    		  		<aspectratio>stretch</aspectratio>
    		  		<texture background="true">icons/submenu_arrow.png</texture>
    		  		<colordiffuse>99ffffff</colordiffuse>
    		  	</control>
    		  	<control type="label">
    		  		<width>490</width>
    		  		<height>21</height>
    		  		<font>FontSize_16B</font>
    		  		<label>$LOCALIZE[1034]</label>
    		  		<textcolor>99ffffff</textcolor>
    		  		<scroll>false</scroll>
    		  	</control>
    		  </control>
  			</control>

        <!-- Right Side Extra Info -->
  			<control type="group">
  			  <include>HomeMenu_OpenCloseSlideAnimation</include>
				  <include>HomeMenu_Submenu_HiddenAnimation</include>
				  <visible>!Skin.HasSetting(HideExtraInfo)</visible>
            <animation type="Conditional" condition="ControlGroup(21).HasFocus | Control.HasFocus(23)">
              <effect type="slide" start="0,0" end="0,-50" time="200" tween="sine" easing="in" />
              <effect type="fade" start="100" end="0" time="150" />
            </animation>

					<!-- Movies -->
    			<control type="grouplist">
  				  <include>HomeMenu_RightExtraInfo_ScrollAnimation</include>
      			<visible>[String.IsEqual(Container(20).ListItem.Property(defaultID),movies) + Library.HasContent(Movies)]</visible>
    			  <left>633</left>
    			  <top>480</top>
    			  <width>600</width>
    				<height>22</height>
    				<align>right</align>
  				  <itemgap>6</itemgap>
    				<orientation>horizontal</orientation>
    				<control type="label">
    					<width min="10" max="490">auto</width>
    					<height>22</height>
    					<font>FontSize_16B</font>
  		        <label>$INFO[Window(Home).Property(LatestMovie.1.Title),$LOCALIZE[31211]: ]$INFO[Window(Home).Property(LatestMovie.1.Year), (,)]</label>
    					<textcolor>99ffffff</textcolor>
    					<scroll>false</scroll>
    				</control>
    				<control type="image">
    					<width>22</width>
    					<height>22</height>
    					<aspectratio>stretch</aspectratio>
    					<texture background="true">icons/submenu_info.png</texture>
    					<colordiffuse>99ffffff</colordiffuse>
				      <visible>!String.IsEmpty(Window(Home).Property(LatestMovie.1.Title))</visible>
    				</control>
    			</control>

					<!-- TVShows -->
				  <control type="wraplist" id="32">
			      <left>0</left>
			      <top>0</top>
			      <height>2</height>
			      <width>2</width>
			      <orientation>horizontal</orientation>
			      <focusposition>0</focusposition>
			      <autoscroll time="10000">true</autoscroll>
			      <viewtype>list</viewtype>
			      <itemlayout width="2" height="2" />
			      <focusedlayout width="2" height="2" />
			      <content>
		          <item id="1">
	              <label></label>
	              <onclick>noop</onclick>
	              <visible>!String.IsEmpty(Window(Home).Property(LatestEpisode.1.EpisodeTitle))</visible>
		          </item>
		          <item id="2">
	              <label></label>
	              <onclick>noop</onclick>
	    			    <visible>!Integer.IsEqual(Window(Home).Property(NextAired.TodayTotal),0) + Skin.HasSetting(NextAiredEnabled)</visible>
		          </item>
				    </content>
				  </control>
    			<control type="grouplist">
  				  <include>HomeMenu_RightExtraInfo_ScrollAnimation</include>
	    			<visible>Container(32).HasFocus(1) + !String.IsEmpty(Window(Home).Property(LatestEpisode.1.EpisodeTitle))</visible>
      			<visible>[String.IsEqual(Container(20).ListItem.Property(defaultID),tvshows) + Library.HasContent(TVShows)]</visible>
    			  <left>633</left>
    			  <top>480</top>
    				<width>600</width>
    				<height>22</height>
    				<align>right</align>
  				  <itemgap>6</itemgap>
    				<orientation>horizontal</orientation>
    				<control type="label">
    					<width min="10" max="490">auto</width>
    					<height>22</height>
    					<font>FontSize_16B</font>
  		        <label>$INFO[Window(Home).Property(LatestEpisode.1.ShowTitle),$LOCALIZE[31212]: ,  ]$INFO[Window(Home).Property(LatestEpisode.1.EpisodeSeason)]$INFO[Window(Home).Property(LatestEpisode.1.EpisodeNumber),x,,]</label>
    					<textcolor>99ffffff</textcolor>
    					<scroll>false</scroll>
    				</control>
    				<control type="image">
    					<width>22</width>
    					<height>22</height>
    					<aspectratio>stretch</aspectratio>
    					<texture background="true">icons/submenu_info.png</texture>
    					<colordiffuse>99ffffff</colordiffuse>
    				</control>
    			</control>
    			<control type="grouplist">
  				  <include>HomeMenu_RightExtraInfo_ScrollAnimation</include>
	    			<visible>Container(32).HasFocus(2) + !Integer.IsEqual(Window(Home).Property(NextAired.TodayTotal),0)</visible>
      			<visible>[String.IsEqual(Container(20).ListItem.Property(defaultID),tvshows) + Library.HasContent(TVShows)]</visible>
    			  <left>633</left>
    			  <top>480</top>
    				<width>600</width>
    				<height>22</height>
    				<align>right</align>
  				  <itemgap>6</itemgap>
    				<orientation>horizontal</orientation>
    			  <control type="label">
    			    <width min="10" max="490">auto</width>
    			    <height>22</height>
    			    <font>FontSize_16B</font>
  		        <label>$INFO[Window(Home).Property(NextAired.TodayTotal), $LOCALIZE[31240]: ]</label>
    			    <textcolor>99ffffff</textcolor>
    			  	<scroll>false</scroll>
    			  </control>
    			  <control type="image">
    			  	<width>22</width>
    			  	<height>22</height>
    			  	<aspectratio>stretch</aspectratio>
    			  	<texture background="true">icons/submenu_info.png</texture>
    			  	<colordiffuse>99ffffff</colordiffuse>
    			  </control>
    		  </control>

			    <!-- Music -->
				  <control type="wraplist" id="33">
			      <left>0</left>
			      <top>0</top>
			      <height>2</height>
			      <width>2</width>
			      <orientation>horizontal</orientation>
			      <focusposition>0</focusposition>
			      <autoscroll time="10000">true</autoscroll>
			      <viewtype>list</viewtype>
			      <itemlayout width="2" height="2" />
			      <focusedlayout width="2" height="2" />
			      <content>
		          <item id="1">
	              <label></label>
	              <onclick>noop</onclick>
	              <visible>!String.IsEmpty(Window(Home).Property(LatestAlbum.1.Title))</visible>
		          </item>
		          <item id="2">
	              <label></label>
	              <onclick>noop</onclick>
	    		      <visible>!String.IsEmpty(Window(Home).Property(LatestSong.1.Title))</visible>
		          </item>
				    </content>
				  </control>
    			<control type="grouplist">
  				  <include>HomeMenu_RightExtraInfo_ScrollAnimation</include>
	    		  <visible>Container(33).HasFocus(1) + !String.IsEmpty(Window(Home).Property(LatestAlbum.1.Title))</visible>
      			<visible>[String.IsEqual(Container(20).ListItem.Property(defaultID),music) + Library.HasContent(Music)]</visible>
    			  <left>633</left>
    			  <top>480</top>
    				<width>600</width>
    				<align>right</align>
    				<height>22</height>
  				  <itemgap>6</itemgap>
    				<orientation>horizontal</orientation>
    				<control type="label">
    			    <width min="10" max="490">auto</width>
    					<height>22</height>
    					<font>FontSize_16B</font>
  		        <label>$INFO[Window(Home).Property(LatestAlbum.1.Title),$LOCALIZE[31213]: ,]$INFO[Window(Home).Property(LatestAlbum.1.Artist), - ]</label>
    					<textcolor>99ffffff</textcolor>
    					<scroll>false</scroll>
    				</control>
    				<control type="image">
    					<width>22</width>
    					<height>22</height>
    					<aspectratio>stretch</aspectratio>
    					<texture background="true">icons/submenu_info.png</texture>
    					<colordiffuse>99ffffff</colordiffuse>
    				</control>
    			</control>
    			<control type="grouplist">
  				  <include>HomeMenu_RightExtraInfo_ScrollAnimation</include>
	    			<visible>Container(33).HasFocus(2) + !String.IsEmpty(Window(Home).Property(LatestSong.1.Title))</visible>
      			<visible>[String.IsEqual(Container(20).ListItem.Property(defaultID),music) + Library.HasContent(Music)]</visible>
    			  <left>633</left>
    			  <top>480</top>
    				<width>600</width>
    				<align>right</align>
    				<height>22</height>
  				  <itemgap>6</itemgap>
    				<orientation>horizontal</orientation>
    				<control type="label">
    					<width min="10" max="490">auto</width>
    					<height>22</height>
    					<font>FontSize_16B</font>
  		        <label>$INFO[Window(Home).Property(LatestSong.1.Title),$LOCALIZE[31222]: ,]$INFO[Window(Home).Property(LatestSong.1.Artist), - ]</label>
    					<textcolor>99ffffff</textcolor>
    					<scroll>false</scroll>
    				</control>
    				<control type="image">
    					<width>22</width>
    					<height>22</height>
    					<aspectratio>stretch</aspectratio>
    					<texture background="true">icons/submenu_info.png</texture>
    					<colordiffuse>99ffffff</colordiffuse>
    				</control>
    			</control>

				  <!-- Live TV -->
				  <control type="wraplist" id="34">
			      <left>0</left>
			      <top>0</top>
			      <height>2</height>
			      <width>2</width>
			      <orientation>horizontal</orientation>
			      <focusposition>0</focusposition>
			      <autoscroll time="10000">true</autoscroll>
			      <viewtype>list</viewtype>
			      <itemlayout width="2" height="2" />
			      <focusedlayout width="2" height="2" />
			      <content>
		          <item id="1">
	              <label></label>
	              <onclick>noop</onclick>
	              <visible>PVR.IsRecording</visible>
		          </item>
		          <item id="2">
	              <label></label>
	              <onclick>noop</onclick>
	    			    <visible>PVR.HasNonRecordingTimer</visible>
		          </item>
				    </content>
				  </control>
    			<control type="grouplist">
  				  <include>HomeMenu_RightExtraInfo_ScrollAnimation</include>
	    			<visible>Container(34).HasFocus(1)</visible>
      			<visible>[String.IsEqual(Container(20).ListItem.Property(defaultID),livetv) + PVR.IsRecording]</visible>
    			  <left>633</left>
    			  <top>480</top>
    				<width>600</width>
    				<align>right</align>
    				<height>22</height>
  				  <itemgap>6</itemgap>
    				<orientation>horizontal</orientation>
    				<control type="label">
    					<width min="10" max="490">auto</width>
    					<height>22</height>
    					<font>FontSize_16B</font>
  		        <label>$LOCALIZE[19158]$INFO[PVR.NowRecordingTitle,: ]</label>
    					<textcolor>99ffffff</textcolor>
    					<scroll>false</scroll>
    				</control>
    				<control type="image">
    					<width>22</width>
    					<height>22</height>
    					<aspectratio>stretch</aspectratio>
    					<texture background="true">icons/submenu_info.png</texture>
    					<colordiffuse>99ffffff</colordiffuse>
				      <visible>!String.IsEmpty(PVR.NowRecordingTitle)</visible>
    				</control>
    			</control>
    			<control type="grouplist">
  				  <include>HomeMenu_RightExtraInfo_ScrollAnimation</include>
	    			<visible>Container(34).HasFocus(2)</visible>
      			<visible>[String.IsEqual(Container(20).ListItem.Property(defaultID),livetv) + PVR.HasNonRecordingTimer]</visible>
    			  <left>633</left>
    			  <top>480</top>
    				<width>600</width>
    				<align>right</align>
    				<height>22</height>
  				  <itemgap>6</itemgap>
    				<orientation>horizontal</orientation>
    				<control type="label">
    					<width min="10" max="490">auto</width>
    					<height>22</height>
    					<font>FontSize_16B</font>
  		        <label>$LOCALIZE[19157]$INFO[PVR.NextRecordingTitle,: ]</label>
    					<textcolor>99ffffff</textcolor>
    					<scroll>false</scroll>
    				</control>
    				<control type="image">
    					<width>22</width>
    					<height>22</height>
    					<aspectratio>stretch</aspectratio>
    					<texture background="true">icons/submenu_info.png</texture>
    					<colordiffuse>99ffffff</colordiffuse>
				      <visible>!String.IsEmpty(PVR.NextRecordingTitle)</visible>
    				</control>
    			</control>

			  	<!-- Weather -->
    			<control type="grouplist">
  				  <include>HomeMenu_RightExtraInfo_ScrollAnimation</include>
      			<visible>String.IsEqual(Container(20).ListItem.Property(defaultID),weather)</visible>
			      <visible>!String.IsEmpty(Window(Weather).Property(Alerts.RSS)) + !String.IsEmpty(Window(Weather).Property(Current.Condition))</visible>
    			  <left>633</left>
    			  <top>480</top>
    				<width>600</width>
    				<height>22</height>
    				<align>right</align>
  				  <itemgap>6</itemgap>
    				<orientation>horizontal</orientation>
    				<control type="label">
    			    <width min="10" max="490">auto</width>
    					<height>22</height>
    					<font>FontSize_16B</font>
  		        <label>$INFO[Window(Weather).Property(Alerts),$LOCALIZE[33050]: ]</label>
    					<textcolor>99ffffff</textcolor>
    					<scroll>false</scroll>
    				</control>
    				<control type="image">
    					<width>22</width>
    					<height>22</height>
    					<aspectratio>stretch</aspectratio>
    					<texture background="true">icons/submenu_info.png</texture>
    					<colordiffuse>99ffffff</colordiffuse>
    		    </control>
    			</control>

				  <!-- Addons -->
    			<control type="grouplist">
  				  <include>HomeMenu_RightExtraInfo_ScrollAnimation</include>
      			<visible>[String.IsEqual(Container(20).ListItem.Property(defaultID),addons) + !String.IsEmpty(Window(AddonBrowser).Property(Updated))]</visible>
    			  <left>633</left>
    			  <top>480</top>
    				<width>600</width>
    				<height>22</height>
    				<align>right</align>
  				  <itemgap>6</itemgap>
    				<orientation>horizontal</orientation>
    				<control type="label">
    					<width min="10" max="490">auto</width>
    					<height>22</height>
    					<font>FontSize_16B</font>
				      <label>$INFO[Window(AddonBrowser).Property(Updated),$LOCALIZE[31229]: ]</label>
    					<textcolor>99ffffff</textcolor>
    					<scroll>false</scroll>
    				</control>
    				<control type="image">
    					<width>22</width>
    					<height>22</height>
    					<aspectratio>stretch</aspectratio>
    					<texture background="true">icons/submenu_info.png</texture>
    					<colordiffuse>99ffffff</colordiffuse>
    				</control>
    			</control>
  			</control>

        <!-- Videos Totals -->
  			<control type="group">
				  <include>HomeMenu_ExtraInfo_HiddenAnimation</include>
    	    <include>HomeMenu_OpenCloseSlideAnimation</include>
			  	<visible>[String.IsEqual(Container(20).ListItem.Property(defaultID),videos) + [Library.HasContent(Movies) | Library.HasContent(TVShows)]] + !Skin.HasSetting(HideExtraInfo) + !Window.IsActive(BusyDialog) + ![String.IsEmpty(Window(Home).Property(Movies.Count)) | String.IsEmpty(Window(Home).Property(TVShows.Count))]</visible>
            <animation type="Conditional" condition="ControlGroup(21).HasFocus">
              <effect type="slide" start="0,0" end="0,-35" time="200" tween="sine" easing="in" />
              <effect type="fade" start="100" end="0" time="150" />
            </animation>
    	      <control type="grouplist">
	  			    <left>25</left>
	    			  <top>618</top>
    			  	<width>490</width>
  					  <height>100</height>
    			  	<align>left</align>
    			  	<itemgap>-12</itemgap>
    			  	<orientation>horizontal</orientation>
	  			  	<control type="image">
	  					<width>98</width>
	  					<height>100</height>
	  					<aspectratio>stretch</aspectratio>
	  					<texture background="true">DefaultVideo.png</texture>
	  					<colordiffuse>99ffffff</colordiffuse>
	  				</control>
	    			<control type="group">
	  				  <width>490</width>
	    			  <control type="label">
      			    <top>32</top>
	    			    <width>490</width>
	    			  	<height>15</height>
	    			  	<font>FontSize_20</font>
						  	<label>$INFO[Window(Home).Property(Movies.Count),$LOCALIZE[20342]: ]</label>
	    			  	<textcolor>99ffffff</textcolor>
	    			  	<scroll>false</scroll>
	    			  </control>
	    			  <control type="label">
      		      <top>52</top>
	    			  	<width>490</width>
	    			  	<height>15</height>
	    			  	<font>FontSize_20</font>
						  	<label>$INFO[Window(Home).Property(TVShows.Count),$LOCALIZE[31002]: ]</label>
	    			  	<textcolor>99ffffff</textcolor>
	    			  	<scroll>false</scroll>
	    			  </control>
		  		  </control>
    		  </control>
  		  </control>

        <!-- Movies Totals -->
  			<control type="group">
				<include>HomeMenu_ExtraInfo_HiddenAnimation</include>
    		<include>HomeMenu_OpenCloseSlideAnimation</include>
				<visible>[String.IsEqual(Container(20).ListItem.Property(defaultID),movies) + Library.HasContent(Movies)] + !Window.IsActive(BusyDialog) + !Skin.HasSetting(HideExtraInfo) + !String.IsEmpty(Window(Home).Property(Movies.Count))</visible>
          <animation type="Conditional" condition="ControlGroup(21).HasFocus">
            <effect type="slide" start="0,0" end="0,-35" time="200" tween="sine" easing="in" />
            <effect type="fade" start="100" end="0" time="150" />
          </animation>
    			<control type="grouplist">
	  			  <left>22</left>
	    			<top>618</top>
    				<width>490</width>
  					<height>96</height>
    				<align>left</align>
    				<itemgap>-15</itemgap>
    				<orientation>horizontal</orientation>
	  				<control type="image">
	  			    <width>96</width>
	  					<height>96</height>
	  					<aspectratio>stretch</aspectratio>
	  					<texture background="true">DefaultMovies.png</texture>
	  					<colordiffuse>99ffffff</colordiffuse>
	  				</control>
	    			<control type="group">
	  					<width>490</width>
	    				<control type="label">
      			    <top>30</top>
	    					<width>490</width>
	    					<height>15</height>
	    					<font>FontSize_20</font>
	  						<label>$INFO[Window(Home).Property(Movies.Count),$LOCALIZE[20161]: ]</label>
	    					<textcolor>99ffffff</textcolor>
	    					<scroll>false</scroll>
	    				</control>
	    				<control type="label">
      			    <top>50</top>
	    					<width>490</width>
	    					<height>15</height>
	    					<font>FontSize_20</font>
	  						<label>$INFO[Window(Home).Property(Movies.UnWatched),$LOCALIZE[16101]: ]</label>
	    					<textcolor>99ffffff</textcolor>
	    					<scroll>false</scroll>
	    				</control>
		  			</control>
    			</control>
  			</control>

        <!-- TVShows Totals -->
  			<control type="group">
				<include>HomeMenu_ExtraInfo_HiddenAnimation</include>
    		<include>HomeMenu_OpenCloseSlideAnimation</include>
				<visible>[String.IsEqual(Container(20).ListItem.Property(defaultID),tvshows) + Library.HasContent(TVShows)] + !Window.IsActive(BusyDialog) + !Skin.HasSetting(HideExtraInfo) + !String.IsEmpty(Window(Home).Property(TVShows.Count))</visible>
          <animation type="Conditional" condition="ControlGroup(21).HasFocus">
            <effect type="slide" start="0,0" end="0,-35" time="200" tween="sine" easing="in" />
            <effect type="fade" start="100" end="0" time="150" />
          </animation>
    			<control type="grouplist">
	  			  <left>25</left>
	    			<top>618</top>
    				<width>490</width>
  					<height>96</height>
    				<align>left</align>
    				<itemgap>-12</itemgap>
    				<orientation>horizontal</orientation>
	  				<control type="image">
	  					<width>96</width>
	  					<height>96</height>
	  					<aspectratio>stretch</aspectratio>
	  					<texture background="true">DefaultTVShows.png</texture>
	  					<colordiffuse>99ffffff</colordiffuse>
	  				</control>
	    			<control type="group">
	  					<width>490</width>
	    				<control type="label">
      			    <top>32</top>
	    					<width>490</width>
	    					<height>15</height>
	    					<font>FontSize_20</font>
								<label>$INFO[Window(Home).Property(TVShows.Count),$LOCALIZE[20161]: ]</label>
	    					<textcolor>99ffffff</textcolor>
	    					<scroll>false</scroll>
	    				</control>
	    				<control type="label">
      			    <top>52</top>
	    					<width>490</width>
	    					<height>15</height>
	    					<font>FontSize_20</font>
								<label>$INFO[Window(Home).Property(TVShows.UnWatched),$LOCALIZE[16101]: ]</label>
	    					<textcolor>99ffffff</textcolor>
	    					<scroll>false</scroll>
	    				</control>
		  			</control>
    			</control>
  			</control>

        <!-- Music Totals -->
  			<control type="group">
				<include>HomeMenu_ExtraInfo_HiddenAnimation</include>
    		<include>HomeMenu_OpenCloseSlideAnimation</include>
				<visible>[String.IsEqual(Container(20).ListItem.Property(defaultID),music) + Library.HasContent(Music)] + !Window.IsActive(BusyDialog) + !Skin.HasSetting(HideExtraInfo) + ![String.IsEmpty(Window(Home).Property(Music.AlbumsCount)) + String.IsEmpty(Window(Home).Property(Music.SongsCount))]</visible>
          <animation type="Conditional" condition="ControlGroup(21).HasFocus">
            <effect type="slide" start="0,0" end="0,-35" time="200" tween="sine" easing="in" />
            <effect type="fade" start="100" end="0" time="150" />
          </animation>
    			<control type="grouplist">
	  			  <left>25</left>
	    			<top>621</top>
    				<width>490</width>
  					<height>88</height>
    				<align>left</align>
    				<itemgap>-12</itemgap>
    				<orientation>horizontal</orientation>
	  				<control type="image">
	  			  	<width>92</width>
	  					<height>88</height>
	  					<aspectratio>stretch</aspectratio>
	  					<texture background="true">DefaultAlbumCover.png</texture>
	  					<colordiffuse>99ffffff</colordiffuse>
	  				</control>
	    			<control type="group">
	  					<width>490</width>
	    				<control type="label">
      			    <top>26</top>
	    					<width>490</width>
	    					<height>15</height>
	    					<font>FontSize_20</font>
	  						<label>$INFO[Window(Home).Property(Music.AlbumsCount),$LOCALIZE[132]: ]</label>
	    					<textcolor>99ffffff</textcolor>
	    					<scroll>false</scroll>
	    				</control>
	    				<control type="label">
      			    <top>46</top>
	    					<width>490</width>
	    					<height>15</height>
	    					<font>FontSize_20</font>
	  						<label>$INFO[Window(Home).Property(Music.SongsCount),$LOCALIZE[134]: ]</label>
	    					<textcolor>99ffffff</textcolor>
	    					<scroll>false</scroll>
	    				</control>
		  			</control>
    			</control>
  			</control>

        <!-- Addons Info -->
  			<control type="group">
				<include>HomeMenu_ExtraInfo_HiddenAnimation</include>
    		<include>HomeMenu_OpenCloseSlideAnimation</include>
				<visible>String.IsEqual(Container(20).ListItem.Property(defaultID),addons) + !Window.IsActive(BusyDialog) + !Skin.HasSetting(HideExtraInfo) + ![Window(Home).Property(SkinHelper.TotalAddons) | String.IsEmpty(Window(Home).Property(SkinHelper.TotalFavourites))]</visible>
          <animation type="Conditional" condition="ControlGroup(21).HasFocus">
            <effect type="slide" start="0,0" end="0,-35" time="200" tween="sine" easing="in" />
            <effect type="fade" start="100" end="0" time="150" />
          </animation>
    			<control type="grouplist">
	  			  <left>22</left>
	    			<top>618</top>
    				<width>490</width>
  					<height>96</height>
    				<align>left</align>
    				<itemgap>-12</itemgap>
    				<orientation>horizontal</orientation>
	  				<control type="image">
	  					<width>96</width>
	  					<height>96</height>
	  					<aspectratio>stretch</aspectratio>
	  					<texture background="true">DefaultAddon.png</texture>
	  					<colordiffuse>99ffffff</colordiffuse>
	  				</control>
	    			<control type="group">
	  					<width>490</width>
	    				<control type="label">
      			    <top>31</top>
	    					<width>490</width>
	    					<height>15</height>
	    					<font>FontSize_20</font>
	  						<label>$INFO[Window(Home).Property(SkinHelper.TotalAddons),$LOCALIZE[20161]: ]</label>
	    					<textcolor>99ffffff</textcolor>
	    					<scroll>false</scroll>
	    				</control>
	    				<control type="label">
      			    <top>51</top>
	    					<width>490</width>
	    					<height>15</height>
	    					<font>FontSize_20</font>
	  						<label>$INFO[Window(Home).Property(SkinHelper.TotalFavourites),$LOCALIZE[1036]: ]</label>
	    					<textcolor>99ffffff</textcolor>
	    					<scroll>false</scroll>
	    				</control>
		  			</control>
    			</control>
  			</control>

        <!-- LiveTV Info -->
  			<control type="group">
				<include>HomeMenu_ExtraInfo_HiddenAnimation</include>
    		<include>HomeMenu_OpenCloseSlideAnimation</include>
				<visible>String.IsEqual(Container(20).ListItem.Property(defaultID),livetv) + !Window.IsActive(BusyDialog) + !Skin.HasSetting(HideExtraInfo)</visible>
          <animation type="Conditional" condition="ControlGroup(21).HasFocus">
            <effect type="slide" start="0,0" end="0,-35" time="200" tween="sine" easing="in" />
            <effect type="fade" start="100" end="0" time="150" />
          </animation>
    		  <control type="grouplist">
	  			  <left>27</left>
	    			<top>618</top>
    				<width>490</width>
  					<height>96</height>
    				<align>left</align>
    				<itemgap>-10</itemgap>
    				<orientation>horizontal</orientation>
	  				<control type="image">
	  					<width>96</width>
	  					<height>96</height>
	  					<aspectratio>stretch</aspectratio>
	  					<texture background="true">DefaultLiveTV.png</texture>
	  					<colordiffuse>99ffffff</colordiffuse>
	  				</control>
	    			<control type="group">
	  					<width>490</width>
	    				<control type="label">
      			    <top>30</top>
	    					<width>490</width>
	    					<height>15</height>
	    					<font>FontSize_20</font>
								<label>$INFO[PVR.BackendName]</label>
	    					<textcolor>99ffffff</textcolor>
	    					<scroll>false</scroll>
	    				</control>
	    				<control type="label">
      			    <top>50</top>
	    					<width>490</width>
	    					<height>15</height>
	    					<font>FontSize_20</font>
								<label>$INFO[PVR.BackendChannels,$LOCALIZE[19019]: ]</label>
	    					<textcolor>99ffffff</textcolor>
	    					<scroll>false</scroll>
	    				</control>
		  			</control>
    			</control>
  			</control>

        <!-- Weather Info -->
  			<control type="group">
  			  <left>42</left>
    			<top>619</top>
				  <include>HomeMenu_ExtraInfo_HiddenAnimation</include>
    			<include>HomeMenu_OpenCloseSlideAnimation</include>
				  <visible>String.IsEqual(Container(20).ListItem.Property(defaultID),weather) + !Window.IsActive(BusyDialog) + !Skin.HasSetting(HideExtraInfo) + !String.IsEmpty(Window(Weather).Property(Current.Temperature)) + !String.Contains(Window(Weather).Property(Current.ConditionIcon),na)</visible>
          <animation type="Conditional" condition="ControlGroup(21).HasFocus">
            <effect type="slide" start="0,0" end="0,-35" time="200" tween="sine" easing="in" />
            <effect type="fade" start="100" end="0" time="150" />
          </animation>
  				<control type="image">
				    <left>-10</left>
				    <top>5</top>
  				 	<width>82</width>
  				 	<height>82</height>
  				 	<aspectratio>stretch</aspectratio>
			      <texture>$INFO[Window(Weather).Property(Current.FanartCode),resource://resource.images.weathericons.outline/,.png]</texture>
  				 	<colordiffuse>99ffffff</colordiffuse>
				   	<animation type="Conditional" condition="true" loop="true" reversible="false">
				   		<effect type="fade" start="0" end="100" time="300" />
				   		<effect type="fade" start="100" end="0" delay="20000" time="300" />
				   		<effect type="slide" end="0" time="21600" />
				   	</animation>
  				</control>
				  <control type="grouplist">
					<left>78</left>
					<top>26</top>
					<width>590</width>
					<height>50</height>
					<itemgap>-2</itemgap>
					<align>left</align>
				  <orientation>horizontal</orientation>
					<animation type="Conditional" condition="true" loop="true" reversible="false">
						<effect type="fade" start="0" end="100" time="300" />
						<effect type="fade" start="100" end="0" delay="20000" time="300" />
						<effect type="slide" end="0" time="21600" />
					</animation>
					<control type="label">
						<height>40</height>
						<width min="10" max="590">auto</width>
						<font>FontSize_55</font>
						<align>left</align>
						<aligny>center</aligny>
						<label>$INFO[Window(Weather).Property(Current.Temperature)]</label>
						<textcolor>99ffffff</textcolor>
					</control>
					<control type="label">
						<height>17</height>
						<width min="10" max="590">auto</width>
						<font>FontSize_10</font>
						<align>left</align>
						<aligny>center</aligny>
						<label>$INFO[System.TemperatureUnits]</label>
						<textcolor>99ffffff</textcolor>
					</control>
				  <control type="group">
	    			<width>590</width>
	    			<control type="label">
					    <top>0</top>
					    <left>15</left>
	    				<width>590</width>
	    				<height>20</height>
						  <align>left</align>
	    				<font>FontSize_20B</font>
	  					<label>$INFO[Window(Weather).Property(Current.Location)]</label>
	    				<textcolor>99ffffff</textcolor>
	    				<scroll>false</scroll>
	    			</control>
	    			<control type="label">
					    <left>15</left>
					    <top>23</top>
	    				<width>590</width>
	    				<height>20</height>
						<align>left</align>
	    				<font>FontSize_20</font>
				      <label>$INFO[Window(Weather).Property(Current.Condition)]</label>
	    				<textcolor>99ffffff</textcolor>
	    				<scroll>false</scroll>
	    			</control>
				  </control>
				</control>

          <!-- Weather Provider Logo -->
				  <control type="image">
				  	<width>270</width>
				  	<height>90</height>
  			  	<colordiffuse>99ffffff</colordiffuse>
				  	<aspectratio align="center" aligny="center">keep</aspectratio>
				  	<texture>$INFO[Window(Weather).Property(WeatherProviderLogo)]</texture>
				  	<animation type="Conditional" condition="true" loop="true" reversible="false">
				  		<effect type="fade" start="0" end="100" delay="20300" time="300" />
				  		<effect type="fade" start="100" end="0" delay="21300" time="300" />
				  	</animation>
				  </control>
  			</control>

        <!-- Kodi Info -->
  			<control type="group">
				<include>HomeMenu_ExtraInfo_HiddenAnimation</include>
    		<include>HomeMenu_OpenCloseSlideAnimation</include>
			  <visible>String.IsEqual(Container(20).ListItem.Property(defaultID),settings) + !Window.IsActive(BusyDialog) + !Skin.HasSetting(HideExtraInfo)</visible>
          <animation type="Conditional" condition="ControlGroup(21).HasFocus">
            <effect type="slide" start="0,0" end="0,-35" time="200" tween="sine" easing="in" />
            <effect type="fade" start="100" end="0" time="150" />
          </animation>
    			<control type="grouplist">
	  			  <left>22</left>
	    			<top>618</top>
    				<width>490</width>
  					<height>96</height>
    				<align>left</align>
    				<itemgap>-12</itemgap>
    				<orientation>horizontal</orientation>
	  				<control type="image">
	  					<width>96</width>
	  					<height>96</height>
	  					<aspectratio>stretch</aspectratio>
	  					<texture background="true">special://skin/extras/icons/Kodi.png</texture>
	  					<colordiffuse>99ffffff</colordiffuse>
	  				</control>
	    			<control type="group">
	  					<width>490</width>
	    				<control type="label">
      			    <top>30</top>
	    					<width>490</width>
	    					<height>15</height>
	    					<font>FontSize_20</font>
	  						<label>$INFO[System.KernelVersion]</label>
	    					<textcolor>99ffffff</textcolor>
	    					<scroll>false</scroll>
	    				</control>
	    				<control type="label">
      			    <top>50</top>
	    					<width>490</width>
	    					<height>15</height>
	    					<font>FontSize_20</font>
	  						<label>$INFO[System.BuildVersion]</label>
	    					<textcolor>99ffffff</textcolor>
	    					<scroll>false</scroll>
	    				</control>
		  			</control>
    			</control>
  			</control>
  		</control>

      <!-- Profile info -->
			<control type="group">
  			<top>639</top>
		    <include>HomeMenu_OpenCloseSlideAnimation</include>
		    <include>VisibleHiddenSlideAnimation</include>
	      <include>KaiToastSlideAnimations</include>
	      <include>ScanSlideAnimations</include>
		    <visible>!Skin.HasSetting(HideExtraInfo)</visible>
    	    <animation type="Conditional" reversible="true" condition="Player.HasMedia">
            <effect type="fade" start="100" end="0" time="450" />
    	    </animation>
			    <control type="image">
			    	<left>1183</left>
			    	<top>0</top>
			    	<width>52</width>
			    	<height>52</height>
			    	<aspectratio align="center" aligny="center">stretch</aspectratio>
		        <texture background="true" fallback="dialogs/profiles/DefaultUser.png" diffuse="dialogs/profiles/profile_diffuse.png">$INFO[System.ProfileThumb]</texture>
            <bordersize>3</bordersize>
		    	</control>
		  	  <control type="image">
				    <left>1183</left>
				    <top>0</top>
				    <width>52</width>
				    <height>52</height>
				    <aspectratio align="center" aligny="center">stretch</aspectratio>
				    <colordiffuse>$VAR[Textures.GlobalColor]</colordiffuse>
		        <texture background="true">dialogs/busy/panel_busy.png</texture>
			    </control>
		    	<control type="label">
				    <left>725</left>
				    <top>0</top>
				    <height>30</height>
				    <width>450</width>
				    <align>right</align>
				    <aligny>center</aligny>
				    <font>NotificationsFont</font>
				    <textcolor>99ffffff</textcolor>
			      <label>$INFO[System.ProfileName]</label>
		  	</control>
  			<control type="fadelabel">
  				<left>725</left>
  				<top>0</top>
  				<height>71</height>
  			  <width>450</width>
			    <font>NotificationsFont</font>
  				<align>right</align>
  				<aligny>center</aligny>
  				<textcolor>99ffffff</textcolor>
    			<label>$INFO[System.Date(DDD)]$COMMA $INFO[System.Date(DD)] $INFO[System.Date(MMM)] $INFO[System.Date(YYY)]</label>
  		    <label>$INFO[System.Uptime,Logged on ]</label>
          <scroll>false</scroll>
          <scrollout>false</scrollout>
          <scrollspeed>100</scrollspeed>
          <pauseatend>10000</pauseatend>
  		  </control>
		  </control>
  	</include>

  <!-- =========== -->
	<!-- Now Playing -->
	<!-- =========== -->
  <include name="HomeNowPlaying">
	  <control type="grouplist">
	  <include>HomeMenu_OpenCloseSlideAnimation</include>
    <include>VisibleHiddenSlideAnimation</include>
    <include>KaiToastSlideAnimations</include>
    <include>ScanSlideAnimations</include>
	  <visible>Player.HasMedia + !Window.IsActive(PlayerControls) + !Window.IsActive(script-globalsearch-main.xml) + !String.Contains(Window(Videos).Property(PlayingBackgroundMedia))</visible>
		<left>470</left>
		<top>366</top>
		<height>500</height>
	  <width>790</width>
		<itemgap>10</itemgap>
		<align>right</align>
	  <orientation>horizontal</orientation>

    <!-- Music -->
		<control type="group">
			<visible>Player.HasAudio</visible>
			<control type="group">
				<animation type="Conditional" reversible="false" condition="MusicPlayer.HasNext" loop="true">
				  <effect type="fade" start="0" end="100" time="500" delay="0" />
					<effect type="fade" start="100" end="0" time="500" delay="10000" />
					<effect type="fade" start="100" end="0" time="500" delay="20000" />
				</animation>
				<control type="label">
					<left>-470</left>
					<top>274</top>
					<height>25</height>
					<label>...$LOCALIZE[31316]</label>
					<align>right</align>
					<aligny>center</aligny>
					<font>NotificationsFont</font>
					<textcolor>$VAR[Text.GlobalColor]</textcolor>
					<shadowcolor>77000000</shadowcolor>
				</control>
				<control type="label">
					<left>-470</left>
					<top>295</top>
					<height>25</height>
					<label>$INFO[Player.Title]$INFO[MusicPlayer.Artist, - ] $INFO[MusicPlayer.Album,(,)]</label>
					<align>right</align>
					<aligny>center</aligny>
					<font>NotificationsFont</font>
					<textcolor>99ffffff</textcolor>
					<shadowcolor>77000000</shadowcolor>
				</control>
			</control>
			<control type="group">
			  <visible>MusicPlayer.HasNext</visible>
				<animation type="Conditional" reversible="false" condition="MusicPlayer.HasNext" loop="true">
					<effect type="fade" start="0" end="100" time="500" delay="10500" />
					<effect type="fade" start="100" end="0" time="500" delay="20000" />
				</animation>
				<control type="label">
					<left>-470</left>
					<top>274</top>
					<height>25</height>
					<label>...$LOCALIZE[209]</label>
					<align>right</align>
					<aligny>center</aligny>
					<font>NotificationsFont</font>
					<textcolor>$VAR[Text.GlobalColor]</textcolor>
					<shadowcolor>77000000</shadowcolor>
				</control>
				<control type="label">
					<left>-470</left>
					<top>295</top>
					<height>25</height>
					<label>$INFO[MusicPlayer.offset(1).Title]$INFO[MusicPlayer.offset(1).Artist, - ]</label>
					<align>right</align>
					<aligny>center</aligny>
					<font>NotificationsFont</font>
					<textcolor>99ffffff</textcolor>
					<shadowcolor>77000000</shadowcolor>
				</control>
			</control>
		</control>

    <!-- Movies -->
		<control type="group">
			<visible>Player.HasVideo + VideoPlayer.Content(Movies)</visible>
			<control type="label">
				<left>-470</left>
				<top>274</top>
				<height>25</height>
				<label>...$LOCALIZE[31316]</label>
				<align>right</align>
				<aligny>center</aligny>
				<font>NotificationsFont</font>
				<textcolor>$VAR[Text.GlobalColor]</textcolor>
				<shadowcolor>77000000</shadowcolor>
			</control>
			<control type="label">
				<left>-470</left>
				<top>295</top>
				<height>25</height>
		    <label>$INFO[Player.Title]$INFO[VideoPlayer.Year, (,)]</label>
				<align>right</align>
				<aligny>center</aligny>
				<font>NotificationsFont</font>
				<textcolor>99ffffff</textcolor>
				<shadowcolor>77000000</shadowcolor>
			</control>
		</control>

    <!-- Episodes -->
		<control type="group">
			<visible>Player.HasVideo + VideoPlayer.Content(Episodes)</visible>
			<control type="label">
				<left>-470</left>
				<top>274</top>
				<height>25</height>
				<label>...$LOCALIZE[31316]</label>
				<align>right</align>
				<aligny>center</aligny>
				<font>NotificationsFont</font>
				<textcolor>$VAR[Text.GlobalColor]</textcolor>
				<shadowcolor>77000000</shadowcolor>
			</control>
			<control type="label">
				<left>-470</left>
				<top>295</top>
				<height>25</height>
				<label>$INFO[Player.Title] $INFO[VideoPlayer.TVShowTitle, (,] $INFO[VideoPlayer.Season,]$INFO[VideoPlayer.Episode,x,)]</label>
				<align>right</align>
				<aligny>center</aligny>
				<font>NotificationsFont</font>
				<textcolor>99ffffff</textcolor>
				<shadowcolor>77000000</shadowcolor>
			</control>
		</control>

    <!-- Videos -->
		<control type="group">
			<visible>Player.HasVideo + ![VideoPlayer.Content(Movies) | VideoPlayer.Content(Episodes) | VideoPlayer.Content(LiveTV)]</visible>
			<control type="label">
				<left>-470</left>
				<top>274</top>
				<height>25</height>
				<label>...$LOCALIZE[31316]</label>
				<align>right</align>
				<aligny>center</aligny>
				<font>NotificationsFont</font>
				<textcolor>$VAR[Text.GlobalColor]</textcolor>
				<shadowcolor>77000000</shadowcolor>
			</control>
			<control type="label">
				<left>-470</left>
				<top>295</top>
				<height>25</height>
		    <label>$INFO[Player.Title]$INFO[VideoPlayer.Genre, (,)]</label>
				<align>right</align>
				<aligny>center</aligny>
				<font>NotificationsFont</font>
				<textcolor>99ffffff</textcolor>
				<shadowcolor>77000000</shadowcolor>
			</control>
		</control>

    <!-- LiveTV -->
		<control type="group">
			<visible>Player.HasVideo + VideoPlayer.Content(LiveTV)</visible>
			<control type="group">
				<animation type="Conditional" reversible="false" condition="Pvr.IsPlayingTv | Pvr.IsPlayingRadio" loop="true">
					<effect type="fade" start="0" end="100" time="500" delay="0" />
					<effect type="fade" start="100" end="0" time="500" delay="10000" />
					<effect type="fade" start="100" end="0" time="500" delay="20000" />
				</animation>
				<control type="label">
					<left>-470</left>
					<top>274</top>
					<height>25</height>
					<label>...$LOCALIZE[31316]</label>
					<align>right</align>
					<aligny>center</aligny>
					<font>NotificationsFont</font>
					<textcolor>$VAR[Text.GlobalColor]</textcolor>
					<shadowcolor>77000000</shadowcolor>
				</control>
				<control type="label">
					<left>-470</left>
					<top>295</top>
					<height>25</height>
					<label>$INFO[VideoPlayer.ChannelNumber,,. ]$INFO[VideoPlayer.ChannelName]$INFO[Player.Title,: ]</label>
					<align>right</align>
					<aligny>center</aligny>
					<font>NotificationsFont</font>
					<textcolor>99ffffff</textcolor>
					<shadowcolor>77000000</shadowcolor>
				</control>
			</control>
			<control type="group">
			  <visible>Pvr.IsPlayingTv | Pvr.IsPlayingRadio</visible>
				<animation type="Conditional" reversible="false" condition="Pvr.IsPlayingTv | Pvr.IsPlayingRadio" loop="true">
					<effect type="fade" start="0" end="100" time="500" delay="10500" />
					<effect type="fade" start="100" end="0" time="500" delay="20000" />
				</animation>
				<control type="label">
					<left>-470</left>
					<top>274</top>
					<height>25</height>
					<label>...$LOCALIZE[209]</label>
					<align>right</align>
					<aligny>center</aligny>
					<font>NotificationsFont</font>
					<textcolor>$VAR[Text.GlobalColor]</textcolor>
					<shadowcolor>77000000</shadowcolor>
				</control>
				<control type="label">
					<left>-470</left>
					<top>295</top>
					<height>25</height>
				  <label>$INFO[VideoPlayer.NextTitle,, ]$INFO[VideoPlayer.NextStartTime,(,)]</label>
					<align>right</align>
					<aligny>center</aligny>
					<font>NotificationsFont</font>
					<textcolor>99ffffff</textcolor>
					<shadowcolor>77000000</shadowcolor>
				</control>
			</control>
		</control>

      <!-- Player Time -->
	    <control type="label">
	    	<height>595</height>
	    	<width min="0" max="190">auto</width>
	    	<label>$INFO[Player.Time]</label>
	    	<align>left</align>
	    	<aligny>center</aligny>
	    	<font>FontSize_50</font>
	    	<textcolor>white</textcolor>
	    	<shadowcolor>77000000</shadowcolor>
	    </control>

			<!-- Music  Cover-->
			<control type="group">
				<top>-45</top>
				<width>92</width>
				<visible>Player.HasAudio</visible>
				<control type="group">
					<animation type="Conditional" reversible="false" condition="MusicPlayer.HasNext" loop="true">
						<effect type="fade" start="0" end="100" time="500" delay="0" />
						<effect type="fade" start="100" end="0" time="500" delay="10000" />
						<effect type="fade" start="100" end="0" time="500" delay="20000" />
					</animation>
					<!-- Player Music Cover -->
					<control type="image">
						<aspectratio align="right" aligny="center" scalediffuse="true">keep</aspectratio>
						<texture background="true" diffuse="thumbs/square_diffuse_small.png" fallback="DefaultAudio.png">$INFO[Player.Art(thumb)]</texture>
					</control>
				</control>
				<control type="group">
					<visible>MusicPlayer.HasNext</visible>
					<animation type="Conditional" reversible="false" condition="MusicPlayer.HasNext" loop="true">
						<effect type="fade" start="0" end="100" time="500" delay="10500" />
						<effect type="fade" start="100" end="0" time="500" delay="20000" />
					</animation>
					<!-- Player Music Next Cover -->
					<control type="image">
						<aspectratio align="right" aligny="center" scalediffuse="true">keep</aspectratio>
						<texture background="true" diffuse="thumbs/square_diffuse_small.png" fallback="DefaultAudio.png">$INFO[MusicPlayer.offset(1).Cover]</texture>
					</control>
				</control>
			</control>

			<!-- Player Videos Cover -->
			<control type="image">
				<top>-5</top>
			  <width>92</width>
				<aspectratio align="right" aligny="center" scalediffuse="true">keep</aspectratio>
				<texture background="true" diffuse="thumbs/poster_diffuse.png" fallback="DefaultVideoCover.png">$INFO[Player.Art(poster)]</texture>
				<visible>Player.HasVideo + !String.IsEmpty(Player.Art(poster))</visible>
			</control>
			<!-- Player Videos Thumb -->
			<control type="image">
				<top>-95</top>
			  <width>92</width>
				<aspectratio align="right" aligny="center" scalediffuse="true">keep</aspectratio>
				<texture background="true" diffuse="thumbs/square_diffuse_small.png" fallback="DefaultVideoCover.png">$INFO[Player.Art(thumb)]</texture>
				<visible>Player.HasVideo + [String.IsEmpty(Player.Art(thumb)) | String.IsEmpty(Player.Art(poster))]</visible>
			</control>			
	  </control>
  </include>

  <!-- =========== -->
  <!-- TopHomeMenu -->
  <!-- =========== -->
  <include name="TopHomeMenu">
    <control type="group">
      <left>45</left>
      <top>25</top>
      <include>ShutdownMenuAnimation</include>
      <include>OpenCloseSlideAnimationTwo</include>
      <include>VisibleHiddenSlideAnimation</include>
      <include>InfoDialogs_ContentInfoAnimation</include>
      <visible allowhiddenfocus="true">!ControlGroup(22).HasFocus</visible>
      <control type="grouplist" id="21">
      	<left>0</left>
      	<top>0</top>
      	<height>0</height>
      	<width>1190</width>
      	<onleft>21</onleft>
      	<onright>21</onright>
      	<onup>20</onup>
      	<ondown>20</ondown>
      	<itemgap>15</itemgap>
        <orientation>horizontal</orientation>
      	<control type="group" id="998">
      		<width>36</width>
          <include>Logo</include>
      	</control>
      	<control type="label" id="999">
      	  <include>TopBigLabel</include>
      		<label>10000</label>
      	</control>
      	<control type="button" id="210">
      		<description>Favorites</description>
          <include>TopMenuButton</include>
      		<label>$LOCALIZE[1036]</label>
          <onclick>SetFocus(20)</onclick>
          <onclick>ActivateWindow(favourites)</onclick>
      	</control>
      	<control type="button" id="211">
      		<description>Search</description>
          <include>TopMenuButton</include>
      		<label>$LOCALIZE[137]</label>
          <onclick>SetFocus(20)</onclick>
      	</control>
      	<control type="button" id="212">
      		<description>Power</description>
          <include>TopMenuButton</include>
      		<label>$LOCALIZE[33060]</label>
          <onclick>SetFocus(20)</onclick>
          <onclick>ActivateWindow(shutdownmenu)</onclick>
      	</control>
      </control>

      <!-- Title Grab Fanart-->
      <control type="label">
        <left>54</left>
        <top>25</top>
    	  <description>Title Fanart</description>
    	  <include>TopTitleFanart</include>
    	  <label>$VAR[Home_Fanart_Title]</label>
    	  <scroll>false</scroll>
    	  <visible>!String.IsEqual(Container(20).ListItem.Property(defaultID),weather) + !Skin.HasSetting(HideHomeTitleInfofanart)</visible>
      </control>

      <!-- Title Artist Playing Fanart -->
      <control type="label">
        <left>54</left>
        <top>25</top>
    	  <description>Title Artist Playing Fanart</description>
    	  <include>TopTitleFanart</include>
    	  <label>$INFO[MusicPlayer.Artist]</label>
    	  <scroll>false</scroll>
    	  <visible>!String.IsEqual(Container(20).ListItem.Property(defaultID),weather) + !Skin.HasSetting(HideHomeTitleInfofanart)</visible>
      </control>
    </control>
	</include>
</includes>
