<?xml version="1.0" encoding="UTF-8"?>
<includes>

<!-- ============= -->
<!-- Home SubMenus -->
<!-- ============= -->
	<include name="HomeSubMenus_ItemLayout">
		<left>0</left>
		<top>0</top>
		<width>195</width>
		<height>37</height>
		<align>left</align>
		<aligny>center</aligny>
		<font>FontSize_22</font>
		<textcolor>66white</textcolor>
		<shadowcolor>55000000</shadowcolor>
		<label>$INFO[ListItem.label]</label>
	</include>

	<include name="HomeSubMenus_FocusedLayout">
		<left>0</left>
		<top>0</top>
		<width>250</width>
		<height>30</height>
		<align>left</align>
		<aligny>center</aligny>
		<font>FontSize_34</font>
		<textcolor>white</textcolor>
		<shadowcolor>55000000</shadowcolor>
		<label>$INFO[ListItem.label]</label>
	</include>

	<include name="HomeSubMenus_ListVars">
		<left>46</left>
		<top>425</top>
		<width>1950</width>
		<height>125</height>
		<onup>20</onup>
		<ondown>20</ondown>
		<onleft>23</onleft>
		<onright>23</onright>
		<onback>20</onback>
	    <focusposition>0</focusposition>
        <preloaditems>4</preloaditems>
		<orientation>horizontal</orientation>
        <scrolltime tween="quadratic" easing="out">250</scrolltime>
		<include>HomeMenu_OpenCloseSlideAnimation</include>
        <include>VisibleHiddenSlideAnimation</include>
		<animation type="Conditional" condition="Control.HasFocus(23)">
            <effect type="slide" start="0,-20" end="0,0" time="200" tween="sine" easing="out" />
            <effect type="fade" start="0" end="100" time="100" />
		</animation>
		<animation type="Conditional" condition="!Control.HasFocus(23)">
            <effect type="slide" start="0,0" end="0,-20" time="200" tween="sine" easing="out" />
            <effect type="fade" start="100" end="0" time="100" />
		</animation>
		<itemlayout width="197" height="43">
			<control type="label">
				<include>HomeSubMenus_ItemLayout</include>
			</control>
		</itemlayout>
		<focusedlayout width="250" height="43">
			<control type="label">
				<include>HomeSubMenus_FocusedLayout</include>
			</control>
		</focusedlayout>
	</include>

  <!-- SubMenus Lists -->
	<include name="HomeSubMenus">
		<include>skinshortcuts-template-submenus</include>
		<control type="image">
			<left>0</left>
			<top>463</top>
			<width>1280</width>
			<height>1</height>
			<aspectratio>stretch</aspectratio>
			<texture background="true">windows/home/submenus_line.png</texture>
			<colordiffuse>98ffffff</colordiffuse>
  		<animation type="Conditional" condition="Control.HasFocus(23)">
        <effect type="slide" start="0,-20" end="0,0" time="200" tween="sine" easing="out" />
        <effect type="fade" start="0" end="100" time="200" />
  		</animation>
  		<animation type="Conditional" condition="!Control.HasFocus(23)">
        <effect type="slide" start="0,0" end="0,-20" time="200" tween="sine" easing="out" />
        <effect type="fade" start="100" end="0" time="200" />
  		</animation>
		</control>
	</include>

	<!-- ================================ -->
	<!-- == Context Menu Content Info  == -->
	<!-- ================================ -->
	<include name="ContextMenuContentInfo">
	  <control type="group">
			<left>105</left>
			<top>25</top>
	        <include>OpenCloseSlideAnimation</include>
			<visible>!Window.IsVisible(LockSettings) + !Window.IsVisible(ProfileSettings) + !Window.IsVisible(LoginScreen) + !Window.IsVisible(Profiles) + !Window.IsVisible(MyPVRChannels.xml) + !Window.IsVisible(MyPVRGuide.xml) + !Window.IsVisible(MyPVRRecordings.xml) + !Window.IsVisible(MyPVRSearch.xml) + !Window.IsVisible(MyPVRTimers.xml)</visible>
			<control type="grouplist">
				<left>0</left>
				<top>0</top>
				<height>70</height>
				<width>1000</width>
				<align>left</align>
				<aligny>center</aligny>
				<itemgap>20</itemgap>
				<orientation>horizontal</orientation>
				<control type="label">
				  <include>TopBigLabel</include>
					<label>31009</label>
				</control>
				<control type="label">
				  <include>TopSmallLabel</include>
			    <label>3</label>
	       <visible>!Container.Content(Movies) + !Container.Content(TVShows) + !Container.Content(Seasons) + !Container.Content(Episodes) + !Window.IsVisible(Music) + !String.Contains(Container.FolderPath,addons://) + !Window.IsVisible(Favourites)</visible>
				</control>
				<control type="label">
				  <include>TopSmallLabel</include>
			    <label>342</label>
	       <visible>Container.Content(Movies)</visible>
				</control>
				<control type="label">
				  <include>TopSmallLabel</include>
			    <label>31002</label>
	       <visible>Container.Content(TVShows) | Container.Content(Seasons) | Container.Content(Episodes)</visible>
				</control>
				<control type="label">
				  <include>TopSmallLabel</include>
			    <label>33054</label>
	       <visible>Container.Content(Seasons)</visible>
				</control>
				<control type="label">
				  <include>TopSmallLabel</include>
			    <label>20360</label>
	       <visible>Container.Content(Episodes)</visible>
				</control>
				<control type="label">
				  <include>TopSmallLabel</include>
			    <label>2</label>
	        <visible>Window.IsVisible(Music) + ![String.IsEqual(Container.FolderPath,special://musicplaylists/) | String.Contains(Container.FolderPath,.m3u,Right) | String.Contains(Container.FolderPath,.xsp,Right)]</visible>
				</control>
				<control type="label">
				  <include>TopSmallLabel</include>
					<label>$LOCALIZE[2] $LOCALIZE[559]</label>
				  <visible>String.IsEqual(Container.FolderPath,special://musicplaylists/) | String.Contains(Container.FolderPath,.m3u,Right) | String.Contains(Container.FolderPath,.xsp,Right)</visible>
				</control>
				<control type="label">
				  <include>TopSmallLabel</include>
			    <label>24001</label>
	        <visible>String.Contains(Container.FolderPath,addons://) + !Window.IsVisible(Music)</visible>
				</control>
				<control type="label">
				  <include>TopSmallLabel</include>
			    <label>24048</label>
          <visible>Window.IsVisible(AddonInformation)</visible>
	        <visible>String.Contains(Container.FolderPath,addons://) + !Window.IsVisible(Music)</visible>
				</control>
			</control>
	  </control>
	</include>

	<include name="ContextMenuContentInfoWindows">
	  <control type="group">
			<left>105</left>
			<top>25</top>
	    <include>OpenCloseSlideAnimation</include>
      <visible>!Window.IsVisible(LockSettings)</visible>
			<control type="grouplist">
				<left>0</left>
				<top>0</top>
				<height>70</height>
				<width>1000</width>
				<align>left</align>
				<aligny>center</aligny>
				<itemgap>20</itemgap>
				<orientation>horizontal</orientation>
				<control type="label">
				  <include>TopBigLabel</include>
					<label>31009</label>
				</control>
				<control type="label">
				  <include>TopSmallLabel</include>
			    <label>13200</label>
	       <visible>Window.IsVisible(Profiles)</visible>
				</control>
				<control type="label">
				  <include>TopSmallLabel</include>
			    <label>10029</label>
	       <visible>Window.IsVisible(LoginScreen)</visible>
				</control>
				<control type="label">
				  <include>TopSmallLabel</include>
			    <label>31000</label>
			   <visible>Window.IsVisible(MyPVRChannels.xml) | Window.IsVisible(MyPVRGuide.xml) | Window.IsVisible(MyPVRRecordings.xml) | Window.IsVisible(MyPVRSearch.xml) | Window.IsVisible(MyPVRTimers.xml)</visible>
				</control>
			</control>
	  </control>
	</include>

	<include name="ContextMenuContentInfoFavourites">
	  <control type="group">
			<left>105</left>
			<top>25</top>
	    <include>OpenCloseSlideAnimation</include>
			<control type="grouplist">
				<left>0</left>
				<top>0</top>
				<height>70</height>
				<width>1000</width>
				<align>left</align>
				<aligny>center</aligny>
				<itemgap>20</itemgap>
				<orientation>horizontal</orientation>
				<control type="label">
				  <include>TopBigLabel</include>
					<label>31009</label>
				</control>
				<control type="label">
				  <include>TopSmallLabel</include>
			    <label>1036</label>
				</control>
			</control>
	  </control>
	</include>



	<!-- ================== -->
	<!-- == Context Menu == -->
	<!-- ================== -->
  <include name="ContextCoordinates">
    <coordinates>
      <left>0</left>
      <top>0</top>
      <origin x="0" y="0">true</origin>
    </coordinates>
  </include>

	<include name="ContextMenuDefault">
      <control type="image" id="999">
        <description>background image</description>
				<left>0</left>
				<top>0</top>
        <width>480</width>
        <height>409</height>
        <texture></texture>
        <aspectratio aligny="center">stretch</aspectratio>
        <visible>false</visible>
      </control>
			<control type="grouplist" id="996">
				<left>0</left>
				<top>0</top>
				<width>480</width>
				<height max="406">auto</height>
				<itemgap>0</itemgap>
				<onleft>Close</onleft>
				<onright>Close</onright>
				<animation effect="fade" start="0" end="100" time="250" reversible="true">WindowOpen</animation>
				<animation effect="fade" start="100" end="0" time="200" reversible="true">WindowClose</animation>
			</control>
			<control type="button" id="1000">
				<description>button template</description>
				<width>480</width>
				<height>45</height>
				<font>FontSize_22</font>
				<textcolor>77ffffff</textcolor>
				<focusedcolor>white</focusedcolor>
			  <disabledcolor>33ffffff</disabledcolor>
		    <shadowcolor>99000000</shadowcolor>
				<align>center</align>
				<aligny>top</aligny>
				<textwidth>430</textwidth>
				<textoffsetx>23</textoffsetx>
				<textoffsety>7</textoffsety>
				<texturefocus border="1">dialogs/menus/contextmenu_default_fo.png</texturefocus>
				<texturenofocus></texturenofocus>
			</control>
	</include>

	<include name="ContextMenuOnTopLeft">
	    <control type="group">
				<left>30</left>
	      <include>OpenCloseSlideAnimation</include>
	      <control type="image" id="997">
	        <left>0</left>
	        <top>13</top>
					<width>405</width>
					<height>75</height>
					<texture>dialogs/menus/topmenus_context.png</texture>
	        <aspectratio aligny="center">stretch</aspectratio>
	      </control>
	      <control type="image" id="999">
	        <description>background image</description>
	        <width>405</width>
	        <height>608</height>
	        <texture></texture>
	        <aspectratio aligny="center">stretch</aspectratio>
	      </control>
	    </control>
		  <control type="grouplist" id="996">
				<left>30</left>
				<top>88</top>
				<width>405</width>
				<height max="520">auto</height>
				<itemgap>0</itemgap>
				<onleft>Close</onleft>
				<onright>Close</onright>
	      <include>OpenCloseSlideAnimation</include>
  			<control type="button" id="1000">
  			  <description>button template</description>
  			  <include>TopLeftMenusButton</include>
  			</control>
				<control type="button" id="990">
					<label>$LOCALIZE[31374]</label>
				  <include>TopLeftMenusButton</include>
					<onclick>ActivateWindow(PlayerControls)</onclick>
					<visible>!Skin.HasSetting(DisableQuickNav) + !String.Contains(Control.GetLabel(1001),$LOCALIZE[16105]) + !Window.IsVisible(LoginScreen)</visible>
				</control>
				<control type="button" id="991">
					<label>$LOCALIZE[31254]</label>
				  <include>TopLeftMenusButton</include>
					<onclick condition="String.IsEqual(ListItem.DBTYPE,movie) | String.IsEqual(ListItem.DBTYPE,tvshow) | String.IsEqual(ListItem.DBTYPE,episode) | String.IsEqual(ListItem.DBTYPE,musicvideo)">RunScript(script.extendedinfo,info=youtubebrowser,id=$INFO[ListItem.Title])</onclick>
					<onclick condition="String.IsEqual(ListItem.DBTYPE,artist)">RunScript(script.extendedinfo,info=youtubebrowser,id=$INFO[ListItem.Artist])</onclick>
					<onclick condition="String.IsEqual(ListItem.DBTYPE,song)">RunScript(script.extendedinfo,info=youtubebrowser,id=$INFO[ListItem.Artist]$INFO[ListItem.Title, - ])</onclick>
					<onclick condition="String.IsEqual(ListItem.DBType,album)">RunScript(script.extendedinfo,info=youtubebrowser,id=$INFO[ListItem.Artist] $INFO[ListItem.Album])</onclick>
					<visible>System.hasAddon(script.extendedinfo) + [String.IsEqual(ListItem.DBTYPE,movie) | String.IsEqual(ListItem.DBTYPE,tvshow) | String.IsEqual(ListItem.DBTYPE,episode) | String.IsEqual(ListItem.DBTYPE,musicvideo) | String.IsEqual(ListItem.DBTYPE,album) | String.IsEqual(ListItem.DBTYPE,artist) | String.IsEqual(ListItem.DBTYPE,song)]</visible>
					<visible>!String.Contains(Control.GetLabel(1001),$LOCALIZE[16105])</visible>
				</control>
				<control type="button" id="992">
					<label>$LOCALIZE[31010]</label>
				  <include>TopLeftMenusButton</include>
					<onclick>RunScript(script.skinshortcuts,type=manage&amp;nolabels=True&amp;group=mainmenu)</onclick>
					<visible>Window.IsVisible(Home)</visible>
				</control>
  			<include>OptionsTopMenuEnd</include>
		  </control>
	</include>


	<!-- ========================== -->
	<!-- == PVR OSD Content Info == -->
	<!-- ========================== -->
	<include name="PVROSDContentInfo">
		<control type="grouplist">
			<left>105</left>
			<top>25</top>
			<height>70</height>
			<width>1000</width>
			<align>left</align>
			<aligny>center</aligny>
			<itemgap>15</itemgap>
			<orientation>horizontal</orientation>
			<visible>![Window.IsActive(PVRGuideInfo) | Window.IsActive(PVRRecordingInfo)]</visible>
	    <include>CommonDialogsAnimation</include>
			<control type="label">
			  <include>TopBigLabel</include>
			  <label>$VAR[PVRContentInfo]</label>
			</control>
			<control type="label">
			  <include>TopSmallLabel</include>
      	<label>$INFO[System.Date(DDD)], $INFO[System.Date(d)] $INFO[System.Date(MMM)] $INFO[System.Date(yyyy)]</label>
      	<visible>Window.IsVisible(PVROSDChannels)</visible>
			</control>
			<control type="label">
			  <include>TopSmallLabel</include>
      	<label>$INFO[Container(11).ListItem.StartDate]</label>
      	<visible>Window.IsVisible(PVROSDGuide)</visible>
			</control>
		</control>
	</include>

	<!-- ========================== -->
	<!-- == PVR OSD EPGuide Menu == -->
	<!-- ========================== -->
	<include name="PVRGuideOSDMenu">
		<control type="group">
			<left>30</left>
			<top>25</top>
		  <include>CommonDialogsAnimation</include>
			<visible>![Window.IsActive(PVRGuideInfo) | Window.IsActive(PVRRecordingInfo)]</visible>
	    <control type="image">
	      <left>0</left>
	      <top>-12</top>
				<width>480</width>
				<height>75</height>
				<texture>dialogs/menus/topmenus_pvr_guide.png</texture>
	      <aspectratio>stretch</aspectratio>
	    </control>
	    <control type="image">
	      <left>0</left>
	      <top>63</top>
				<width>480</width>
				<height>25</height>
				<texture border="1">dialogs/menus/topmenus_pvr_empty.png</texture>
	      <aspectratio>stretch</aspectratio>
	    </control>
	    <control type="image">
	      <left>0</left>
	      <top>88</top>
				<width>480</width>
				<height>25</height>
				<texture border="1">dialogs/menus/topmenus_pvr_seperator.png</texture>
	      <aspectratio>stretch</aspectratio>
	    </control>
			<control type="button">
				<left>22</left>
				<top>65</top>
      	<width>435</width>
				<height>30</height>
				<font>FontSize_20B</font>
				<textcolor>99ffffff</textcolor>
	      <include>HiddenItem</include>
				<label>$INFO[VideoPlayer.ChannelName]</label>
			</control>
	    <control type="image">
	      <left>0</left>
	      <top>113</top>
				<width>480</width>
				<height>447</height>
				<texture>dialogs/menus/topmenus_pvr_empty.png</texture>
	      <aspectratio>stretch</aspectratio>
	    </control>
	    <control type="image">
	      <left>0</left>
	      <top>560</top>
				<width>480</width>
				<height>22</height>
				<texture>dialogs/menus/bottom_pvr.png</texture>
	      <aspectratio>stretch</aspectratio>
	    </control>
			<control type="list" id="11">
				<left>23</left>
				<top>105</top>
				<width>460</width>
				<height>460</height>
				<itemgap>0</itemgap>
				<onleft>close</onleft>
				<onright>close</onright>
        <preloaditems>2</preloaditems>
				<viewtype label="535">list</viewtype>
			  <scrolltime tween="cubic" easing="out">350</scrolltime>
				<itemlayout height="46" width="460">
					<control type="group">
					  <visible>String.IsEqual(ListItem.Title,Player.Title) + String.IsEqual(ListItem.ChannelNumberLabel,VideoPlayer.ChannelNumberLabel) + String.IsEqual(ListItem.EndTime,VideoPlayer.EndTime)</visible>
						<control type="label">
							<left>0</left>
							<top>0</top>
							<width>430</width>
							<height>46</height>
							<font>FontSize_18B</font>
							<textcolor>$VAR[Text.GlobalColor]</textcolor>
						  <shadowcolor>99000000</shadowcolor>
							<align>left</align>
							<label>◌   $INFO[ListItem.StartTime,, - ]$INFO[ListItem.EndTime]</label>
							<visible>!ListItem.IsRecording</visible>
						</control>
						<control type="label">
							<left>0</left>
							<top>0</top>
							<width>430</width>
							<height>46</height>
							<font>FontSize_18B</font>
							<textcolor>$VAR[Text.GlobalColor]</textcolor>
						  <shadowcolor>99000000</shadowcolor>
							<align>right</align>
							<aligny>center</aligny>
							<label>$INFO[ListItem.Label]</label>
						</control>
					</control>
					<control type="group">
					  <visible>![String.IsEqual(ListItem.Title,Player.Title) + String.IsEqual(ListItem.ChannelNumberLabel,VideoPlayer.ChannelNumberLabel) + String.IsEqual(ListItem.EndTime,VideoPlayer.EndTime)]</visible>
						<control type="label">
							<left>0</left>
							<top>0</top>
							<width>430</width>
							<height>46</height>
							<font>FontSize_18B</font>
							<textcolor>77ffffff</textcolor>
						  <shadowcolor>99000000</shadowcolor>
							<align>left</align>
							<aligny>center</aligny>
							<label>◌   $INFO[ListItem.StartTime,, - ]$INFO[ListItem.EndTime]</label>
							<visible>!ListItem.IsRecording</visible>
						</control>
						<control type="label">
							<left>0</left>
							<top>0</top>
							<width>430</width>
							<height>46</height>
							<font>FontSize_18B</font>
							<textcolor>77ffffff</textcolor>
						  <shadowcolor>99000000</shadowcolor>
							<align>left</align>
							<label>[COLOR=red]◍[/COLOR]   $INFO[ListItem.StartTime,, - ]$INFO[ListItem.EndTime]</label>
							<visible>ListItem.IsRecording</visible>
						</control>
						<control type="label">
							<left>0</left>
							<top>0</top>
							<width>430</width>
							<height>46</height>
							<font>FontSize_18B</font>
							<textcolor>77ffffff</textcolor>
						  <shadowcolor>99000000</shadowcolor>
							<align>right</align>
							<aligny>center</aligny>
							<label>$INFO[ListItem.Label]</label>
						</control>
					</control>
				</itemlayout>
				<focusedlayout height="46" width="460">
					<control type="group">
					  <visible>String.IsEqual(ListItem.Title,Player.Title) + String.IsEqual(ListItem.ChannelNumberLabel,VideoPlayer.ChannelNumberLabel) + String.IsEqual(ListItem.EndTime,VideoPlayer.EndTime)</visible>
						<control type="label">
							<left>0</left>
							<top>0</top>
							<width>430</width>
							<height>46</height>
							<font>FontSize_18B</font>
							<textcolor>$VAR[Text.GlobalColor]</textcolor>
						  <shadowcolor>99000000</shadowcolor>
							<align>left</align>
							<aligny>center</aligny>
							<label>◍   $INFO[ListItem.StartTime,, - ]$INFO[ListItem.EndTime]</label>
						</control>
						<control type="label">
							<left>0</left>
							<top>0</top>
							<width>430</width>
							<height>46</height>
							<font>FontSize_18B</font>
							<textcolor>$VAR[Text.GlobalColor]</textcolor>
						  <shadowcolor>99000000</shadowcolor>
							<align>right</align>
							<aligny>center</aligny>
							<label>$INFO[ListItem.Label]</label>
						</control>
					</control>
					<control type="group">
					  <visible>![String.IsEqual(ListItem.Title,Player.Title) + String.IsEqual(ListItem.ChannelNumberLabel,VideoPlayer.ChannelNumberLabel) + String.IsEqual(ListItem.EndTime,VideoPlayer.EndTime)]</visible>
						<control type="label">
							<left>0</left>
							<top>0</top>
							<width>430</width>
							<height>46</height>
							<font>FontSize_18B</font>
							<textcolor>white</textcolor>
						  <shadowcolor>99000000</shadowcolor>
							<align>left</align>
							<aligny>center</aligny>
							<label>◍   $INFO[ListItem.StartTime,, - ]$INFO[ListItem.EndTime]</label>
							<visible>!ListItem.IsRecording</visible>
						</control>
						<control type="label">
							<left>0</left>
							<top>0</top>
							<width>430</width>
							<height>46</height>
							<font>FontSize_18B</font>
							<textcolor>white</textcolor>
						  <shadowcolor>99000000</shadowcolor>
							<align>left</align>
							<aligny>center</aligny>
							<label>[COLOR=red]◍[/COLOR]   $INFO[ListItem.StartTime,, - ]$INFO[ListItem.EndTime]</label>
							<visible>ListItem.IsRecording</visible>
						</control>
						<control type="label">
							<left>0</left>
							<top>0</top>
							<width>430</width>
							<height>46</height>
							<font>FontSize_18B</font>
							<textcolor>white</textcolor>
						  <shadowcolor>99000000</shadowcolor>
							<align>right</align>
							<aligny>center</aligny>
							<label>$INFO[ListItem.Label]</label>
						</control>
					</control>
				</focusedlayout>
			</control>
		</control>
	</include>

	<!-- =========================== -->
	<!-- == PVR OSD Channels Menu == -->
	<!-- =========================== -->
	<include name="PVRChannelsOSDMenu">
		<control type="group">
			<left>30</left>
			<top>25</top>
		  <include>CommonDialogsAnimation</include>
			<visible>![Window.IsActive(PVRGuideInfo) | Window.IsActive(PVRRecordingInfo)]</visible>
	    <control type="image">
	      <left>0</left>
	      <top>-12</top>
				<width>480</width>
				<height>75</height>
				<texture>dialogs/menus/topmenus_pvr_channels.png</texture>
	      <aspectratio>stretch</aspectratio>
	    </control>
	    <control type="image">
	      <left>0</left>
	      <top>63</top>
				<width>480</width>
				<height>25</height>
				<texture border="1">dialogs/menus/topmenus_pvr_empty.png</texture>
	      <aspectratio>stretch</aspectratio>
	    </control>
	    <control type="image">
	      <left>0</left>
	      <top>88</top>
				<width>480</width>
				<height>25</height>
				<texture border="1">dialogs/menus/topmenus_pvr_seperator.png</texture>
	      <aspectratio>stretch</aspectratio>
	    </control>
			<control type="button">
				<left>22</left>
				<top>65</top>
      	<width>435</width>
				<height>30</height>
				<font>FontSize_20B</font>
				<textcolor>99ffffff</textcolor>
	      <include>HiddenItem</include>
				<label>$VAR[OSDPVRChannelsGroupLabel]</label>
				<label2>$INFO[Container(11).NumItems,, $LOCALIZE[14301]]</label2>
			</control>
	    <control type="image">
	      <left>0</left>
	      <top>113</top>
				<width>480</width>
				<height>467</height>
				<texture>dialogs/menus/topmenus_pvr_empty.png</texture>
	      <aspectratio>stretch</aspectratio>
	    </control>
	    <control type="image">
	      <left>0</left>
	      <top>580</top>
				<width>480</width>
				<height>22</height>
				<texture>dialogs/menus/bottom_pvr.png</texture>
	      <aspectratio>stretch</aspectratio>
	    </control>
			<control type="list" id="11">
				<left>20</left>
				<top>108</top>
				<width>450</width>
				<height>470</height>
				<itemgap>0</itemgap>
				<onleft>PreviousChannelGroup</onleft>
				<onright>NextChannelGroup</onright>
        <preloaditems>2</preloaditems>
				<viewtype label="535">list</viewtype>
			  <scrolltime tween="cubic" easing="out">350</scrolltime>
				<itemlayout height="58.5" width="450">
					<control type="image">
						<left>0</left>
						<top>5</top>
						<width>56</width>
						<height>56</height>
						<aspectratio>stretch</aspectratio>
						<texture background="true" colordiffuse="77ffffff">dialogs/busy/panel_busy.png</texture>
						<visible>!ListItem.IsRecording + !ListItem.IsPlaying</visible>
					</control>
					<control type="image">
						<left>0</left>
						<top>5</top>
						<width>56</width>
						<height>56</height>
						<aspectratio>stretch</aspectratio>
						<texture background="true" colordiffuse="$VAR[Text.GlobalColor]">dialogs/busy/panel_busy.png</texture>
						<visible>ListItem.IsPlaying + !ListItem.IsRecording</visible>
					</control>
					<control type="image">
						<left>0</left>
						<top>5</top>
						<width>56</width>
						<height>56</height>
						<aspectratio>stretch</aspectratio>
						<texture background="true" colordiffuse="red">dialogs/busy/panel_busy.png</texture>
						<visible>ListItem.IsRecording</visible>
					</control>
					<control type="image">
						<left>10</left>
						<top>15</top>
						<width>36</width>
						<height>36</height>
						<aspectratio>stretch</aspectratio>
						<texture background="true" colordiffuse="red">dialogs/profiles/profile_diffuse.png</texture>
						<visible>ListItem.IsRecording</visible>
				    <animation effect="fade" start="0" end="100" time="750" delay="2000" pulse="true" condition="true">Conditional</animation>
					</control>
					<control type="label">
						<left>0</left>
						<top>0</top>
						<width>56</width>
						<height>66</height>
						<font>FontSize_18B</font>
						<textcolor>77ffffff</textcolor>
					  <shadowcolor>99000000</shadowcolor>
						<align>center</align>
						<label>$INFO[ListItem.ChannelNumberLabel]</label>
						<visible>!ListItem.IsRecording</visible>
					</control>
					<control type="label">
						<left>0</left>
						<top>0</top>
						<width>56</width>
						<height>66</height>
						<font>FontSize_18B</font>
						<textcolor>red</textcolor>
					  <selectedcolor>red</selectedcolor>
					  <shadowcolor>99000000</shadowcolor>
						<align>center</align>
						<label>$INFO[ListItem.ChannelNumberLabel]</label>
						<visible>ListItem.IsRecording</visible>
				    <animation effect="fade" start="100" end="0" time="750" delay="2000" pulse="true" condition="true">Conditional</animation>
					</control>
					<control type="label">
						<left>60</left>
						<top>0</top>
						<width>310</width>
						<height>46</height>
						<font>FontSize_18B</font>
						<textcolor>77ffffff</textcolor>
					  <shadowcolor>99000000</shadowcolor>
						<align>left</align>
						<label>$INFO[ListItem.Label]</label>
					  <animation effect="slide" start="0,0" end="0,8" time="0" condition="String.IsEmpty(ListItem.Title)">Conditional</animation>
					</control>
					<control type="label">
						<left>60</left>
						<top>20</top>
						<width>310</width>
						<height>46</height>
						<font>FontSize_18</font>
						<textcolor>77ffffff</textcolor>
					  <shadowcolor>99000000</shadowcolor>
						<align>left</align>
						<label>$INFO[ListItem.Title]</label>
					</control>
					<control type="image">
						<left>380</left>
						<top>4</top>
						<width>58</width>
						<height>55</height>
						<aspectratio align="center" aligny="center">keep</aspectratio>
						<texture background="true" fallback="windows/pvr/channel_icon.png">$INFO[ListItem.Icon]</texture>
					</control>
				</itemlayout>
				<focusedlayout height="58.5" width="450">
					<control type="image">
						<left>0</left>
						<top>5</top>
						<width>56</width>
						<height>56</height>
						<aspectratio>stretch</aspectratio>
						<texture background="true">dialogs/busy/panel_busy.png</texture>
						<visible>!ListItem.IsRecording</visible>
					</control>
					<control type="image">
						<left>0</left>
						<top>5</top>
						<width>56</width>
						<height>56</height>
						<aspectratio>stretch</aspectratio>
						<texture background="true" colordiffuse="red">dialogs/busy/panel_busy.png</texture>
						<visible>ListItem.IsRecording</visible>
					</control>
					<control type="image">
						<left>10</left>
						<top>15</top>
						<width>36</width>
						<height>36</height>
						<aspectratio>stretch</aspectratio>
						<texture background="true" colordiffuse="red">dialogs/profiles/profile_diffuse.png</texture>
						<visible>ListItem.IsRecording</visible>
				    <animation effect="fade" start="0" end="100" time="750" delay="2000" pulse="true" condition="true">Conditional</animation>
					</control>
					<control type="label">
						<left>0</left>
						<top>0</top>
						<width>56</width>
						<height>66</height>
						<font>FontSize_18B</font>
						<textcolor>white</textcolor>
						<selectedcolor>white</selectedcolor>
					  <shadowcolor>99000000</shadowcolor>
						<align>center</align>
						<label>$INFO[ListItem.ChannelNumberLabel]</label>
						<visible>!ListItem.IsRecording </visible>
					</control>
					<control type="label">
						<left>0</left>
						<top>0</top>
						<width>56</width>
						<height>66</height>
						<font>FontSize_18B</font>
						<textcolor>red</textcolor>
					  <selectedcolor>red</selectedcolor>
					  <shadowcolor>99000000</shadowcolor>
						<align>center</align>
						<label>$INFO[ListItem.ChannelNumberLabel]</label>
						<visible>ListItem.IsRecording</visible>
				    <animation effect="fade" start="100" end="0" time="750" delay="2000" pulse="true" condition="true">Conditional</animation>
					</control>
					<control type="label">
						<left>60</left>
						<top>0</top>
						<width>310</width>
						<height>46</height>
						<font>FontSize_18B</font>
						<textcolor>white</textcolor>
						<selectedcolor>white</selectedcolor>
					  <shadowcolor>99000000</shadowcolor>
						<align>left</align>
						<label>$INFO[ListItem.Label]</label>
					  <animation effect="slide" start="0,0" end="0,8" time="0" condition="String.IsEmpty(ListItem.Title)">Conditional</animation>
					</control>
					<control type="label">
						<left>60</left>
						<top>20</top>
						<width>310</width>
						<height>46</height>
						<font>FontSize_18</font>
						<textcolor>white</textcolor>
						<selectedcolor>white</selectedcolor>
					  <shadowcolor>99000000</shadowcolor>
						<align>left</align>
						<label>$INFO[ListItem.Title]</label>
					</control>
					<control type="image">
						<left>380</left>
						<top>4</top>
						<width>58</width>
						<height>55</height>
						<aspectratio align="center" aligny="center">keep</aspectratio>
						<texture background="true" fallback="windows/pvr/channel_icon.png">$INFO[ListItem.Icon]</texture>
					</control>
				</focusedlayout>
			</control>
		</control>
	</include>

	<!-- ====================================== -->
	<!-- == Context Menu PVR Channel Manager == -->
	<!-- ====================================== -->
	<include name="ContextMenuPVRChannelManager">
    <control type="image" id="999">
      <description>background image</description>
			<left>0</left>
			<top>0</top>
      <width>350</width>
      <height>304</height>
      <texture></texture>
      <aspectratio aligny="center">stretch</aspectratio>
      <visible>false</visible>
    </control>
		<control type="grouplist" id="996">
			<left>0</left>
			<top>0</top>
			<width>350</width>
			<height max="294">auto</height>
			<itemgap>0</itemgap>
			<onleft>Close</onleft>
			<onright>Close</onright>
			<animation effect="fade" start="0" end="100" time="250" reversible="true">WindowOpen</animation>
			<animation effect="fade" start="100" end="0" time="200" reversible="true">WindowClose</animation>
		</control>
		<control type="button" id="1000">
			<description>button template</description>
			<width>350</width>
			<height>45</height>
			<font>FontSize_22</font>
			<textcolor>77ffffff</textcolor>
			<focusedcolor>white</focusedcolor>
		  <disabledcolor>33ffffff</disabledcolor>
	    <shadowcolor>99000000</shadowcolor>
			<align>center</align>
			<aligny>top</aligny>
			<textwidth>320</textwidth>
			<textoffsetx>23</textoffsetx>
			<textoffsety>7</textoffsety>
			<texturefocus border="1">dialogs/menus/contextmenu_default_fo.png</texturefocus>
			<texturenofocus></texturenofocus>
		</control>
	</include>
</includes>
