<?xml version="1.0" encoding="UTF-8"?>
<includes>

	<variable name="PVRTimeProgress">
		<value condition="!Integer.IsGreater(ListItem.Progress,5)">windows/pvr/clock_progress/5.png</value>
		<value condition="Integer.IsGreater(ListItem.Progress,5) + !Integer.IsGreater(ListItem.Progress,10)">windows/pvr/clock_progress/10.png</value>
		<value condition="Integer.IsGreater(ListItem.Progress,10) + !Integer.IsGreater(ListItem.Progress,15)">windows/pvr/clock_progress/15.png</value>
		<value condition="Integer.IsGreater(ListItem.Progress,15) + !Integer.IsGreater(ListItem.Progress,20)">windows/pvr/clock_progress/20.png</value>
		<value condition="Integer.IsGreater(ListItem.Progress,20) + !Integer.IsGreater(ListItem.Progress,25)">windows/pvr/clock_progress/25.png</value>
		<value condition="Integer.IsGreater(ListItem.Progress,25) + !Integer.IsGreater(ListItem.Progress,30)">windows/pvr/clock_progress/30.png</value>
		<value condition="Integer.IsGreater(ListItem.Progress,30) + !Integer.IsGreater(ListItem.Progress,35)">windows/pvr/clock_progress/35.png</value>
		<value condition="Integer.IsGreater(ListItem.Progress,35) + !Integer.IsGreater(ListItem.Progress,40)">windows/pvr/clock_progress/40.png</value>
		<value condition="Integer.IsGreater(ListItem.Progress,40) + !Integer.IsGreater(ListItem.Progress,45)">windows/pvr/clock_progress/45.png</value>
		<value condition="Integer.IsGreater(ListItem.Progress,45) + !Integer.IsGreater(ListItem.Progress,50)">windows/pvr/clock_progress/50.png</value>
		<value condition="Integer.IsGreater(ListItem.Progress,50) + !Integer.IsGreater(ListItem.Progress,55)">windows/pvr/clock_progress/55.png</value>
		<value condition="Integer.IsGreater(ListItem.Progress,55) + !Integer.IsGreater(ListItem.Progress,60)">windows/pvr/clock_progress/60.png</value>
		<value condition="Integer.IsGreater(ListItem.Progress,60) + !Integer.IsGreater(ListItem.Progress,65)">windows/pvr/clock_progress/65.png</value>
		<value condition="Integer.IsGreater(ListItem.Progress,65) + !Integer.IsGreater(ListItem.Progress,70)">windows/pvr/clock_progress/70.png</value>
		<value condition="Integer.IsGreater(ListItem.Progress,70) + !Integer.IsGreater(ListItem.Progress,75)">windows/pvr/clock_progress/75.png</value>
		<value condition="Integer.IsGreater(ListItem.Progress,75) + !Integer.IsGreater(ListItem.Progress,80)">windows/pvr/clock_progress/80.png</value>
		<value condition="Integer.IsGreater(ListItem.Progress,80) + !Integer.IsGreater(ListItem.Progress,85)">windows/pvr/clock_progress/85.png</value>
		<value condition="Integer.IsGreater(ListItem.Progress,85) + !Integer.IsGreater(ListItem.Progress,90)">windows/pvr/clock_progress/90.png</value>
		<value condition="Integer.IsGreater(ListItem.Progress,90) + !Integer.IsGreater(ListItem.Progress,95)">windows/pvr/clock_progress/95.png</value>
		<value condition="Integer.IsGreater(ListItem.Progress,95) + !Integer.IsGreater(ListItem.Progress,100)">windows/pvr/clock_progress/100.png</value>
		<value condition="Integer.IsGreater(ListItem.Progress,100)">windows/pvr/clock_progress/100.png</value>
	</variable>

  <variable name="PVRTimersRadioButton">
    <value condition="!String.IsEqual(ListItem.Comment,$LOCALIZE[305]) + !String.IsEmpty(ListItem.ChannelName)">buttons/radio_button_off.png</value>
    <value condition="String.IsEqual(ListItem.Comment,$LOCALIZE[305]) + !String.IsEmpty(ListItem.ChannelName)">buttons/radio_button_on.png</value>
  </variable>

  <variable name="PVRContentInfo">
    <value condition="Window.IsVisible(TVChannels) | [Window.IsVisible(PVROSDChannels) + pvr.IsPlayingTv]">$LOCALIZE[19023]</value>
    <value condition="Window.IsVisible(RadioChannels) | [Window.IsVisible(PVROSDChannels) + pvr.IsPlayingRadio]">$LOCALIZE[19024]</value>
    <value condition="Window.IsActive(TVGuide) | Window.IsActive(RadioGuide) | Window.IsVisible(PVROSDGuide)">$LOCALIZE[22020]</value>
    <value condition="Window.IsVisible(TVRecordings)">$LOCALIZE[19163]</value>
    <value condition="Window.IsVisible(TVTimers)">$LOCALIZE[19040]</value>
    <value condition="Window.IsVisible(TVTimerRules)">$LOCALIZE[19138]</value>
    <value condition="Window.IsVisible(TVSearch)">$LOCALIZE[137]</value>
  </variable>

  <variable name="PVRChannelsGroupLabel">
    <value condition="Window.IsActive(TVChannels) | Window.IsActive(RadioChannels)">$LOCALIZE[19019]$INFO[Control.GetLabel(29),: ]</value>
    <value>$LOCALIZE[19019]</value>
  </variable>
  <variable name="PVRChannelsGroupAltLabel">
    <value condition="Window.IsActive(TVChannels) | Window.IsActive(RadioChannels)">$LOCALIZE[19019]$INFO[Control.GetLabel(29),: ]</value>
    <value>$LOCALIZE[19019]</value>
  </variable>

  <variable name="PVRGuideGroupLabel">
    <value condition="Window.IsActive(TVGuide) | Window.IsActive(RadioGuide)">$LOCALIZE[22020]$INFO[Control.GetLabel(30),: ]</value>
    <value>$LOCALIZE[22020]</value>
  </variable>
  <variable name="PVRGuideGroupAltLabel">
    <value condition="Window.IsActive(TVGuide) | Window.IsActive(RadioGuide)">$LOCALIZE[22020]$INFO[Control.GetLabel(30),: ]</value>
    <value>$LOCALIZE[22020]</value>
  </variable>

  <include name="PVRControlsMenu">
    <!-- PVR Controls Menu -->
	<control type="group"  id="9000">
	    <left>30</left>
		<top>25</top>
        <include>ShutdownMenuAnimation</include>
        <include>OptionsTopMenuAnimation</include>
        <include>OptionsTopMenuHeader</include>
  	    <control type="grouplist" id="9111">
        <include>OptionsTopMenuVars</include>
		<!-- 	<control type="togglebutton" id="130">
					<description>Channels</description>
                    <label>$VAR[PVRChannelsGroupLabel]</label>
                    <altlabel>$VAR[PVRChannelsGroupAltLabel]</altlabel>
  			        <include>TopLeftMenusButton</include>
					<onclick condition="Window.IsActive(TVChannels) | Window.IsActive(RadioChannels)">NextChannelGroup</onclick>
					<onclick condition="String.IsEmpty(Window.Property(IsRadio))">ActivateWindow(TVChannels)</onclick>
					<onclick condition="!String.IsEmpty(Window.Property(IsRadio))">ActivateWindow(RadioChannels)</onclick>
				</control> -->
		<control type="button" id="28"> <!-- add PVR Group -->
		    <description>Group</description>
            <label>$VAR[PVRChannelsGroupLabel]</label>
            <altlabel>$VAR[PVRChannelsGroupAltLabel]</altlabel>
  			<include>TopLeftMenusButton</include>
		</control>
		<control type="togglebutton" id="131">
			<description>EPG Guide</description>
            <label>$VAR[PVRGuideGroupLabel]</label>
            <altlabel>$VAR[PVRGuideGroupAltLabel]</altlabel>
  			<include>TopLeftMenusButton</include>
			<onclick condition="Window.IsActive(TVGuide) | Window.IsActive(RadioGuide)">NextChannelGroup</onclick>
			<onclick condition="String.IsEmpty(Window.Property(IsRadio))">ActivateWindow(TVGuide)</onclick>
			<onclick condition="!String.IsEmpty(Window.Property(IsRadio))">ActivateWindow(RadioGuide)</onclick>
		</control>
		<control type="button" id="132">
			<description>Recordings</description>
            <label>$LOCALIZE[19163]</label>
  			<include>TopLeftMenusButton</include>
			<onclick condition="String.IsEmpty(Window.Property(IsRadio))">ActivateWindow(TVRecordings)</onclick>
			<onclick condition="!String.IsEmpty(Window.Property(IsRadio))">ActivateWindow(RadioRecordings)</onclick>
		</control>
		<control type="button" id="133">
			<description>Timers</description>
            <label>$LOCALIZE[19040]</label>
  			<include>TopLeftMenusButton</include>
			<onclick condition="String.IsEmpty(Window.Property(IsRadio))">ActivateWindow(TVTimers)</onclick>
			<onclick condition="!String.IsEmpty(Window.Property(IsRadio))">ActivateWindow(RadioTimers)</onclick>
			</control>
		<control type="button" id="134">
			<description>Timer Rules</description>
			<include>TopLeftMenusButton</include>
			<label>$LOCALIZE[19138]</label>
			<onclick condition="String.IsEmpty(Window.Property(IsRadio))">ActivateWindow(TVTimerRules)</onclick>
			<onclick condition="!String.IsEmpty(Window.Property(IsRadio))">ActivateWindow(RadioTimerRules)</onclick>
		</control>
		<control type="button" id="135">
			<description>Search</description>
			<label>$LOCALIZE[137]</label>
  		    <include>TopLeftMenusButton</include>
			<onclick condition="String.IsEmpty(Window.Property(IsRadio))">ActivateWindow(TVSearch)</onclick>
			<onclick condition="!String.IsEmpty(Window.Property(IsRadio))">ActivateWindow(RadioSearch)</onclick>
		</control>
  		<control type="button" id="2">
  			<description>View as</description>
  			<include>TopLeftMenusButton</include>
			<enable>Window.IsActive(TVChannels) | Window.IsActive(TVGuide) | Window.IsActive(RadioGuide)</enable>
  		</control>
		<control type="button" id="136">
			<description>Filter</description>
			<include>TopLeftMenusButton</include>
			<label>$LOCALIZE[587]</label>
			<selected>Container.Filtered</selected>
			<onclick>Action(right)</onclick>
			<onclick>SendClick(31)</onclick>
			<visible>Control.IsEnabled(31)</visible>
			<visible>Window.IsActive(TVChannels) | Window.IsActive(RadioChannels)</visible>
		</control>
  		<control type="button" id="3">
  			<description>Sort by</description>
  			<include>TopLeftMenusButton</include>
  	    </control>
  	    <control type="togglebutton" id="4">
  			<description>Ascending/Descending</description>
            <label>$LOCALIZE[21429]:  $LOCALIZE[584]</label>
            <altlabel>$LOCALIZE[21429]:  $LOCALIZE[585]</altlabel>
  			<include>TopLeftMenusButton</include>
  		</control>
  	    <control type="togglebutton" id="5">
			<description>Group Recordings by Folder</description>
  			<label>$LOCALIZE[19270]: $LOCALIZE[31012]</label>
            <altlabel>$LOCALIZE[19270]: $LOCALIZE[31011]</altlabel>
  			<include>TopLeftMenusButton</include>
            <visible>Window.IsActive(TVRecordings) | Window.IsActive(RadioRecordings)</visible>
  		</control>
		<control type="togglebutton" id="6">
			<description>Sow Hidden Channels</description>
	        <label>$LOCALIZE[19051]: $LOCALIZE[31012]</label>
	        <altlabel>$LOCALIZE[19051]: $LOCALIZE[31011]</altlabel>
			<include>TopLeftMenusButton</include>
			<visible>Window.IsActive(TVChannels) | Window.IsActive(RadioChannels)</visible>
	    </control>
		<control type="togglebutton" id="7">
			<description>Show Deleted Recordings</description>
	        <label>$LOCALIZE[19184]: $LOCALIZE[31012]</label>
	        <altlabel>$LOCALIZE[19184]: $LOCALIZE[31011]</altlabel>
			<include>TopLeftMenusButton</include>
			<visible>Window.IsActive(TVRecordings) | Window.IsActive(RadioRecordings)</visible>
		</control>
		<control type="togglebutton" id="8">
			<description>Hide Disabled Timers</description>
	        <label>$LOCALIZE[19077]: $LOCALIZE[31012]</label>
	        <altlabel>$LOCALIZE[19077]: $LOCALIZE[31011]</altlabel>
			<include>TopLeftMenusButton</include>
			<visible>Window.IsActive(TVTimers) | Window.IsActive(RadioTimers) | Window.IsActive(TVTimerRules) | Window.IsActive(RadioTimerRules)</visible>
		</control>
		<control type="togglebutton" id="99">
			<description>Show Program Info</description>
	        <label>$LOCALIZE[19047]: $LOCALIZE[31012]</label>
	        <altlabel>$LOCALIZE[19047]: $LOCALIZE[31011]</altlabel>
			<include>TopLeftMenusButton</include>
			<onclick>Skin.ToggleSetting(ShowProgramInfo)</onclick>
			<usealttexture>Skin.HasSetting(ShowProgramInfo)</usealttexture>
			<visible>Window.IsActive(TVGuide) | Window.IsActive(RadioGuide)</visible>
		</control>
  			<include>OptionsTopMenuEnd</include>
  	    </control>
        <control type="label" id="31">
      	    <description>Empty so we can pass the values up one level</description>
      	    <visible>False</visible>
        </control>
	</control>

    <!-- Top Content Info -->
	  <control type="group">
			<left>45</left>
			<top>25</top>
  		    <include>ShutdownMenuAnimation</include>
            <include>InfoDialogs_ContentInfoAnimation</include>
            <include>VisibleHiddenSlideAnimation</include>
		    <visible>!ControlGroup(9000).HasFocus + !Window.IsActive(PVRGuideInfo) + !Window.IsActive(PVRRecordingInfo)</visible>
			<control type="grouplist">
				<left>0</left>
				<top>0</top>
				<height>70</height>
				<width>1000</width>
				<align>left</align>
				<itemgap>15</itemgap>
				<orientation>horizontal</orientation>
	            <include>LogoBig</include>
		        <include>OpenCloseSlideAnimationTwo</include>
				<control type="label">
				    <include>TopBigLabel</include>
				    <label>$LOCALIZE[31000]</label>
				</control>
				<control type="label">
				    <include>TopSmallLabel</include>
			        <label>$VAR[PVRContentInfo]</label>
				</control>
				<control type="label">
				    <include>TopSmallLabel</include>
                    <label>$INFO[Control.GetLabel(29)]</label>
				</control>
  			    <control type="label">
  			        <include>TopSmallLabel</include>
  			        <label>$INFO[Control.GetLabel(30)]</label>
  			    </control>
			</control>
			<control type="label">
				<description>Page Count Label</description>
				<left>65</left>
				<top>45</top>
				<width>300</width>
				<height>20</height>
				<font>FontSize_18</font>
				<textcolor>$VAR[Text.GlobalColor]</textcolor>
				<scroll>false</scroll>
				<align>left</align>
				<aligny>center</aligny>
		    <include>OpenCloseSlideAnimationTwo</include>
				<label>$VAR[ContainerNumItems]</label>
      	<visible>![[Window.IsActive(TVGuide) | Window.IsActive(RadioGuide)] + Control.HasFocus(10)]</visible>
			</control>
			<control type="label">
				<description>Page Count Label</description>
				<left>65</left>
				<top>45</top>
				<width>300</width>
				<height>20</height>
				<font>FontSize_18</font>
				<textcolor>$VAR[Text.GlobalColor]</textcolor>
				<scroll>false</scroll>
				<align>left</align>
				<aligny>center</aligny>
		        <include>OpenCloseSlideAnimationTwo</include>
				<label>$INFO[Container().NumItems,, Items]$INFO[Control.GetLabel(3), • ]</label>
      	        <visible>[[Window.IsActive(TVGuide) | Window.IsActive(RadioGuide)] + Control.HasFocus(10)]</visible>
			</control>

        <control type="label" id="29">
         	<description>Empty so we can pass the values up one level</description>
      	    <visible>False</visible>
        </control>
        <control type="label" id="30">
      	    <description>Empty so we can pass the values up one level</description>
      	    <visible>False</visible>
        </control>
	</control>

  </include>

<!--
  <include name="LiveTV_InfoLabels">
    <control type="group">
  		<left>45</left>
  		<top>215</top>
  	  <animation effect="slide" end="0,-25" time="0" condition="Control.IsVisible(10)">Conditional</animation>
  		<control type="grouplist">
  			<left>0</left>
  			<top>0</top>
  			<height>70</height>
  			<width>1000</width>
  			<align>left</align>
  			<orientation>horizontal</orientation>
  			<control type="label">
  			  <include>TopBigLabel</include>
  			  <label>$INFO[Control.GetLabel(29)]</label>
          <visible>![Window.IsActive(TVGuide) | Window.IsActive(RadioGuide)]</visible>
  			</control>
  			<control type="label">
  			  <include>TopBigLabel</include>
  			  <label>$INFO[Control.GetLabel(30)]</label>
  			</control>
  		</control>
    </control>
  </include>
 -->

    <include name="EPGTimelineInfo">
	    <control type="group">
		<left>55</left>
		<top>125</top>
        <visible>Control.IsVisible(10) + Skin.HasSetting(ShowProgramInfo)</visible>
		<control type="image">
            <description>Plot panel</description>
			<left>-10</left>
			<top>-10</top>
			<width>1240</width>
			<height>100</height>
			<texture border="4">windows/pvr/seperator.png</texture>
		</control>
		<control type="image">
		    <left>0</left>
		    <top>0</top>
		    <width>145</width>
		    <height>80</height>
		    <texture fallback="windows/pvr/channel_icon_big.png">$INFO[Container(10).ListItem.Icon]</texture>
		    <aspectratio align="left" aligny="center">keep</aspectratio>
		</control>
		<control type="button">
			<description>Time/Date</description>
      	    <left>155</left>
      	    <top>0</top>
      	    <width>1025</width>
            <font>FontSize_20B</font>
			<textcolor>99ffffff</textcolor>
			<shadowcolor>99000000</shadowcolor>
			<texturefocus/>
			<texturenofocus/>
			<align>left</align>
			<aligny>top</aligny>
			<textoffsetx>0</textoffsetx>
      	    <label>$INFO[ListItem.Title]</label>
         	<label2>$INFO[ListItem.StartTime]$INFO[ListItem.EndTime, - ]$INFO[ListItem.Genre, • ]</label2>
		</control>
		<control type="textbox">
			<left>155</left>
			<top>25</top>
			<width>1025</width>
			<height>55</height>
            <font>FontSize_20</font>
			<textcolor>99ffffff</textcolor>
			<shadowcolor>99000000</shadowcolor>
			<align>justify</align>
			<autoscroll delay="8000" time="2000" repeat="8000">Skin.HasSetting(AutoScroll)</autoscroll>
            <info>ListItem.Plot</info>
			</control>
	    </control>
    </include>

</includes>
