<?xml version="1.0" encoding="UTF-8"?>
<includes>
	<include name="BackgroundWeather">
	   <control type="multiimage">
			<aspectratio>scale</aspectratio>
			<include>FullscreenDimensions</include>
			<include>FanartFade</include>
			<imagepath background="true">$INFO[Skin.String(WeatherFanart.path)]$INFO[Window(Weather).Property(Current.FanartCode)]$VAR[WeatherFanartType]</imagepath>
			<timeperimage>30000</timeperimage>
		    <fadetime>500</fadetime>
		    <randomize>true</randomize>
		    <loop>yes</loop>
			<visible>[Window.IsVisible(weather) | String.IsEqual(Container(20).ListItem.Property(defaultID),weather) | String.IsEqual(Container(20).ListItem.Property(background),BackgroundWeather)] + !String.IsEmpty(Skin.String(WeatherFanart.path))</visible>
            <include>QuickNavFadeEffect</include>
		</control>
	</include>
	<include name="BackgroundContent">
  	    <control type="group">
  	        <animation effect="fade" start="0" end="100" time="1000">Visible</animation>
  	        <animation effect="fade" start="100" end="0" time="1000">Hidden</animation>
  		    <visible>![Player.HasVideo + !Skin.HasSetting(HideBGVideo)]</visible>
  		    <visible>![Player.HasAudio + [[Skin.HasSetting(Vis-Fanart) + !String.IsEmpty(Player.Art(fanart))] | Skin.HasSetting(Vis-MusicSlideshow) | Skin.HasSetting(Vis-ArtistSlideshow)]]</visible>
  		<control type="image">
  			<description>Default Background</description>
  			<include>FullscreenDimensions</include>
			<colordiffuse>$VAR[BG.GlobalColor]</colordiffuse>
  			<texture background="true">special://skin/extras/backgrounds/SKINDEFAULT.jpg</texture>
  			<include>QuickNavFadeEffect</include>
			<visible>!Window.IsVisible(MyPVRChannels.xml)</visible>
		</control>
		<control type="image">
		    <include>FullscreenDimensions</include>
			<texture background="true">special://skin/extras/backgrounds/pvr.png</texture>
			<include>QuickNavFadeEffect</include>
			<visible>Window.IsVisible(MyPVRChannels.xml)</visible>		
  		    </control>
        <control type="group">
            <visible>![[String.IsEqual(Container(20).ListItem.Property(defaultID),weather) | Window.IsVisible(weather)] + !String.IsEmpty(Skin.String(WeatherFanart.path))]</visible>
            <include>QuickNavFadeEffect</include>
    	<control type="image">
    		<description>HomeMenu Single-Background</description>
		    <aspectratio>scale</aspectratio>
    		<include>FullscreenDimensions</include>
    	    <include>FanartFade</include>
    		<texture background="true">$INFO[Container(20).ListItem.Property(Background)]</texture>
    		<fadetime>500</fadetime>
            <visible>![String.EndsWith(Container(20).ListItem.Property(Background),\) | String.EndsWith(Container(20).ListItem.Property(Background),/)]</visible>
    	</control>
    	<control type="multiimage">
    		<description>HomeMenu Multi-Background</description>
		    <aspectratio>scale</aspectratio>
    		<include>FullscreenDimensions</include>
    	    <include>FanartFade</include>
    		<imagepath background="true">$INFO[Container(20).ListItem.Property(Background)]</imagepath>
    		<timeperimage>10000</timeperimage>
    		<randomize>true</randomize>
            <loop>yes</loop>
    		<fadetime>600</fadetime>
            <visible>String.EndsWith(Container(20).ListItem.Property(Background),\) | String.EndsWith(Container(20).ListItem.Property(Background),/)</visible>
    	</control>    	
    	<control type="group">
            <include>FanartFade</include>
            <include>Home_Global_Fanart</include>
    		<visible>String.IsEqual(Container(20).ListItem.Property(Background),Home_Global_Fanart)</visible>
    	</control> 
    	<control type="group">
            <include>FanartFade</include>
            <include>Home_Movie_Fanart</include>
    		<visible>String.IsEqual(Container(20).ListItem.Property(Background),Home_Movie_Fanart)</visible>    		 
    	</control> 
    	<control type="group">
            <include>FanartFade</include>
            <include>Home_Video_Fanart</include>
    		<visible>String.IsEqual(Container(20).ListItem.Property(Background),Home_Video_Fanart)</visible>
    	</control> 
    	<control type="group">
            <include>FanartFade</include>
            <include>Home_Music_Fanart</include>
    		<visible>String.IsEqual(Container(20).ListItem.Property(Background),Home_Music_Fanart)</visible>
    	</control>
    	<control type="group">
            <include>FanartFade</include>
            <include>Home_TV_Fanart</include>
    		<visible>String.IsEqual(Container(20).ListItem.Property(Background),Home_TV_Fanart)</visible>
    	</control> 	   	
    	<control type="group">
            <include>FanartFade</include>
            <include>3DWallBG_Movies_Posters</include>
    		<visible>String.IsEqual(Container(20).ListItem.Property(Background),3DWallBG_Movies_Posters)</visible>
    	</control>
    	<control type="group">
            <include>FanartFade</include>
            <include>3DWallBG_Movies_Logo</include>
    		<visible>String.IsEqual(Container(20).ListItem.Property(Background),3DWallBG_Movies_Logo)</visible>
    	</control>
    	<control type="group">
            <include>FanartFade</include>
            <include>3DWallBG_Movies_DiscArt</include>
    	    <visible>String.IsEqual(Container(20).ListItem.Property(Background),3DWallBG_Movies_DiscArt)</visible>
    	</control>
    	<control type="group">
            <include>FanartFade</include>
            <include>3DWallBG_TVShows_Posters</include>
    		<visible>String.IsEqual(Container(20).ListItem.Property(Background),3DWallBG_TVShows_Posters)</visible>
    	</control> 		
    	<control type="group">
            <include>FanartFade</include>
            <include>3DWallBG_TVShows_Logo</include>
    		<visible>String.IsEqual(Container(20).ListItem.Property(Background),3DWallBG_TVShows_Logo)</visible>
    	</control>
    	<control type="group">
            <include>FanartFade</include>
            <include>3DWallBG_TVShows_Landscape</include>
    		<visible>String.IsEqual(Container(20).ListItem.Property(Background),3DWallBG_TVShows_Landscape)</visible>
    	</control>
    	<control type="group">
            <include>FanartFade</include>
            <include>3DWallBG_TVShows_DiscArt</include>
    	    <visible>String.IsEqual(Container(20).ListItem.Property(Background),3DWallBG_TVShows_DiscArt)</visible>
    	</control>
    	<control type="group">
            <include>FanartFade</include>
            <include>3DWallBG_Albums</include>
    		<visible>String.IsEqual(Container(20).ListItem.Property(Background),3DWallBG_Albums)</visible>
    	</control>
    	<control type="group">
            <include>FanartFade</include>
            <include>3DWallBG_Artists</include>
    		<visible>String.IsEqual(Container(20).ListItem.Property(Background),3DWallBG_Artists)</visible>
    	</control>
  	 </control>
  </control>
		<control type="videowindow">
			<description>Video</description>
			<include>FullscreenDimensions</include>
		    <visible>Player.HasVideo + !Skin.HasSetting(HideBGVideo)</visible>
		</control>
		<control type="visualisation">
			<left>0</left>
			<top>0</top>
			<width>1280</width>
			<height>720</height>
		    <visible>Player.HasAudio + !Skin.HasSetting(Vis-Visualization) + !String.Contains(Window(Videos).Property(PlayingBackgroundMedia))</visible>
		</control>
		<include condition="Skin.HasSetting(MakeItSnow) + !Window.IsActive(skinsettings)">SnowBackground</include>
		<control type="multiimage">
			<aspectratio>scale</aspectratio>
	        <include>FullscreenDimensions</include>
			<timeperimage>10000</timeperimage>
			<randomize>true</randomize>
            <loop>yes</loop>
			<fadetime>1000</fadetime>
	        <imagepath background="true">$VAR[Vis-Background]</imagepath>
	        <animation effect="fade" start="100" end="50" time="0" condition="true">Conditional</animation>
		    <animation effect="fade" start="0" end="100" time="1000">Visible</animation>
		    <animation effect="fade" start="100" end="0" time="1000">Hidden</animation>
		    <include condition="Skin.HasSetting(Vis-Animation)">VizBackAnimation</include>
	        <visible>Player.HasAudio</visible>
		</control>
	        <include condition="!String.IsEmpty(Skin.String(WeatherFanart.path))">BackgroundWeather</include>
    </include>
	<include name="GlobalFanart">
		<control type="image">
			<description>Global Fanart</description>
			<aspectratio>scale</aspectratio>
			<include>FullscreenDimensions</include>
            <texture background="true">$INFO[ListItem.Art(fanart)]</texture>
			<include>FanartFade</include>
			<fadetime>FanartCrossfadeTime</fadetime>
		    <visible>!Skin.HasSetting(HideBGFanart)</visible>
		    <visible>![[Control.IsVisible(55) | [Control.IsVisible(59) + Window.IsVisible(MyVideoNav.xml)]] + ![Window.IsActive(movieinformation) | Window.IsActive(favourites) | Window.IsActive(playercontrols)] + String.IsEmpty(Window(Home).Property(infodialogs.active))] + !Control.IsVisible(580)</visible>
            <include>QuickNavFadeEffect</include>
		</control>
  	    <control type="image">
			<include>FullscreenDimensions</include>
            <texture background="true">windows/bg/black.png</texture>
			<include>FanartFade</include>
		    <visible>!Skin.HasSetting(HideBGFanart)</visible>
		    <visible>[[Control.IsVisible(59) + Window.IsVisible(MyVideoNav.xml)] + ![Window.IsActive(playercontrols) | Window.IsActive(movieinformation) | Window.IsActive(script-script.extendedinfo-DialogInfo.xml) | Window.IsActive(script-script.extendedinfo-DialogVideoInfo.xml) | Window.IsActive(script-script.extendedinfo-VideoList.xml) | Window.IsActive(script-script.extendedinfo-YoutubeList.xml)] + String.IsEmpty(Window(Home).Property(infodialogs.active))]</visible>
  		    <visible>!ListItem.IsParentFolder</visible>
            <include>QuickNavFadeEffect</include>
  	    </control>
		<control type="image">
			<description>NetFilx Fanart</description>
  		    <left>300</left>
  		    <top>0</top>
  		    <width>1000</width>
  		    <height>610</height>
  		    <aspectratio>scale</aspectratio>
            <texture background="true">$INFO[ListItem.Art(fanart)]</texture>
			<include>FanartFade</include>
			<fadetime>FanartCrossfadeTime</fadetime>
		    <visible>!Skin.HasSetting(HideBGFanart)</visible>
		    <visible>[[Control.IsVisible(59) + Window.IsVisible(MyVideoNav.xml)] + ![Window.IsActive(playercontrols) | Window.IsActive(movieinformation) | Window.IsActive(script-script.extendedinfo-DialogInfo.xml) | Window.IsActive(script-script.extendedinfo-DialogVideoInfo.xml) | Window.IsActive(script-script.extendedinfo-VideoList.xml) | Window.IsActive(script-script.extendedinfo-YoutubeList.xml)] + String.IsEmpty(Window(Home).Property(infodialogs.active))]</visible>
            <include>QuickNavFadeEffect</include>
		</control>
		<control type="image">
			<description>NetFilx Fanart</description>
  		    <left>200</left>
  		    <top>0</top>
  		    <width>900</width>
  		    <height>720</height>
  		    <aspectratio>scale</aspectratio>
            <texture background="true">views/netflix/fanart_diffuse.png</texture> <!-- NetFilx Fanart -->
			<include>FanartFade</include>
			<fadetime>FanartCrossfadeTime</fadetime>
		    <visible>!Skin.HasSetting(HideBGFanart)</visible>
		    <visible>[[Control.IsVisible(59) + Window.IsVisible(MyVideoNav.xml)] + ![Window.IsActive(playercontrols) | Window.IsActive(movieinformation) | Window.IsActive(script-script.extendedinfo-DialogInfo.xml) | Window.IsActive(script-script.extendedinfo-DialogVideoInfo.xml) | Window.IsActive(script-script.extendedinfo-VideoList.xml) | Window.IsActive(script-script.extendedinfo-YoutubeList.xml)] + String.IsEmpty(Window(Home).Property(infodialogs.active))]</visible>
            <include>QuickNavFadeEffect</include>
		</control>
		<control type="image">
			<description>Pictures Fanart</description>
		    <aspectratio align="center" aligny="top">scale</aspectratio>
			<include>FullscreenDimensions</include>
            <texture background="true">$INFO[ListItem.FileNameAndPath]</texture>
			<include>FanartFade</include>
			<fadetime>FanartCrossfadeTime</fadetime>
			<visible>Window.IsVisible(Pictures) + Container.HasFiles</visible>
		    <visible>!Skin.HasSetting(HideBGFanart)</visible>
            <include>QuickNavFadeEffect</include>
		</control>
		<control type="image">
			<description>TVGuide Fanart</description>
			<aspectratio>scale</aspectratio>
			<include>FullscreenDimensions</include>
			<include>FanartFade</include>
			<fadetime>FanartCrossfadeTime</fadetime>
			<texture background="true">$VAR[TVGuideFanart]</texture>
		    <visible>![Skin.HasSetting(HideTVGuideFanart) | Skin.HasSetting(HideBGFanart)]</visible>
            <include>QuickNavFadeEffect</include>
		</control>
		<control type="image">
			<aspectratio>scale</aspectratio>
			<include>FullscreenDimensions</include>
			<fadetime>FanartCrossfadeTime</fadetime>
			<include>FanartFade</include>			
			<texture background="true">$INFO[Container(500).ListItem.Property(Fanart_small)]</texture>
            <visible>[Window.IsActive(script-script.extendedinfo-VideoList.xml) | Window.IsActive(script-script.extendedinfo-DialogInfo.xml) | Window.IsActive(script-script.extendedinfo-DialogVideoInfo.xml) | Window.IsActive(script-script.extendedinfo-YoutubeList.xml)] + !Skin.HasSetting(HideBGFanart)</visible>
            <include>QuickNavFadeEffect</include>
<!-- 
			<animation effect="fade" time="AnimationsFadeTime">Visible</animation>
			<animation effect="fade" time="AnimationsFadeTime">Hidden</animation>
 -->
		</control>
	</include>

	<include name="VideoWallFanartVideos">
		<itemlayout height="720" width="1280">
			<control type="image">
				<aspectratio>scale</aspectratio>
				<include>FullscreenDimensions</include>
				<texture background="true">$INFO[ListItem.Art(fanart)]</texture>
			</control>
		</itemlayout>
		<focusedlayout height="720" width="1280">
			<control type="image">
				<aspectratio>scale</aspectratio>
				<include>FullscreenDimensions</include>
				<texture background="true">$INFO[ListItem.Art(fanart)]</texture>
			</control>
		</focusedlayout>
		<include>QuickNavFadeEffect</include>
	</include>

	<include name="QuickNavFanart">
		<control type="image">
			<description>QuickNav Fanart</description>
			<aspectratio>scale</aspectratio>
	        <include>FullscreenDimensions</include>
		    <texture background="true" diffuse="windows/bg/fanart_diffuse.png">$VAR[QuickNavWidgetsFanart]</texture>
			<fadetime>FanartCrossfadeTime</fadetime>
			<animation effect="fade" time="300" tween="sine" easing="out" reversible="false">WindowOpen</animation>
			<animation effect="fade" time="300" tween="sine" easing="in" reversible="false">WindowClose</animation>
			<visible>!Skin.HasSetting(HideBGFanart)</visible>
		</control>
	</include>

	<include name="HomeWidgets_Fanart">		
            <include>QuickNavFadeEffect</include>
            <visible>!Skin.HasSetting(HideBGFanart)</visible>
  	    <control type="image">
			<aspectratio>scale</aspectratio>
  			<include>FullscreenDimensions</include>
  			<texture background="true">$INFO[Container(25).ListItem.Art(fanart)]</texture>
  			<fadetime>FanartCrossfadeTime</fadetime>
			<animation effect="fade" time="450" tween="sine" easing="out" reversible="false">WindowOpen</animation>
			<animation effect="fade" time="450" tween="sine" easing="in" reversible="false">WindowClose</animation>
	  		<animation effect="fade" time="300" tween="sine" easing="out" reversible="false">Visible</animation>
	  		<animation effect="fade" time="230" tween="sine" easing="in" reversible="false">Hidden</animation>
            <visible>ControlGroup(22).HasFocus</visible>
  		</control>		
	</include>

	<include name="BackgroundVignette">
		<control type="image">
		    <description>Vignette</description>
			<include>FullscreenDimensions</include>
			<texture background="true">windows/bg/bg_vignette.png</texture>
<!-- 	
      <colordiffuse>FFCDCDCD</colordiffuse>
      <colordiffuse>D5FFFFFF</colordiffuse> 
-->     
		</control>
		<control type="image">
			<include>FullscreenDimensions</include>
			<texture background="true">windows/bg/bg_overlay.png</texture>
			<include>FanartFade</include>
			<visible>![[Window.IsActive(MyPVRChannels.xml) | Window.IsActive(MyPVRRecordings.xml) | Window.IsActive(MyPVRGuide.xml) | Window.IsActive(MyPVRTimers.xml) | Window.IsActive(MyPVRSearch.xml)] + !Player.HasMedia]</visible>
			<visible>[Control.IsVisible(50) + !Window.IsVisible(musicplaylisteditor) + !Window.IsVisible(profiles)]
			       | Control.IsVisible(51)
			       | [Control.IsVisible(52) + !Window.IsVisible(systeminfo)]
			       | Control.IsVisible(53)
			       | Control.IsVisible(54)
			       | Control.IsVisible(55)
			       | Control.IsVisible(56)
			       | [Control.IsVisible(57) + !Window.IsVisible(profiles)]
			       | Control.IsVisible(58)
			       | [Control.IsVisible(59) + Skin.HasSetting(HideBGFanart)]
			       | Control.IsVisible(560)
			       | Control.IsVisible(561)
			       | Control.IsVisible(562)
			       | Control.IsVisible(64)
			       | Window.IsActive(1120)
			       | [Window.IsActive(PlayerControls) + Player.HasMedia]
			       | Window.IsActive(movieinformation)
			       | Window.IsActive(musicinformation)
			       | Window.IsActive(songinformation)
			       | Window.IsActive(addoninformation)
						 | Window.IsActive(AddonSettings)
						 | Window.IsActive(Favourites)
			       | Window.IsActive(musicplaylisteditor)
			       | [Window.IsActive(script-NextAired-TVGuide.xml) + ![Skin.HasSetting(HideBGFanart) | Skin.HasSetting(HideTVGuideFanart)]]
			       | [Window.IsActive(script-NextAired-TVGuide2.xml) + ![Skin.HasSetting(HideBGFanart) | Skin.HasSetting(HideTVGuideFanart)]]
			       | !String.IsEmpty(Window(Home).Property(infodialogs.active))
			</visible>
	    </control>
	</include>
	<include name="SnowBackground">
		<!-- <control type="image">
			<include>FullscreenDimensions</include>
			<texture background="true">snow.gif</texture>
		</control> -->
		<control type="group">
			<visible>Skin.HasSetting(MakeItSnow)</visible>
			<control type="group">
				<left>100</left>
				<control type="image">
					<left>60</left>
					<width>35</width>
					<height>35</height>
					<texture>snow/snow3.png</texture>
					<aspectratio scalediffuse="false">keep</aspectratio>
					<animation effect="slide" start="0,-50" end="0,1180" time="19000" delay="0" reversible="false" loop="true" condition="true">Conditional</animation>
					<animation effect="rotate" end="-360" time="12000" loop="true" center="auto" condition="true">Conditional</animation>
					<animation effect="rotatey" end="-360" time="8000" loop="true" center="auto" condition="true">Conditional</animation>
				</control>
				<control type="image">
					<left>260</left>
					<width>35</width>
					<height>35</height>
					<texture>snow/snow5.png</texture>
					<aspectratio scalediffuse="false">keep</aspectratio>
					<animation effect="slide" start="0,-600" end="0,1180" time="28000" delay="0" reversible="false" loop="true" condition="true">Conditional</animation>
					<animation effect="rotate" end="-360" time="12000" loop="true" center="auto" condition="true">Conditional</animation>
					<animation effect="rotatey" end="-360" time="14000" loop="true" center="auto" condition="true">Conditional</animation>
				</control>
				<control type="image">
					<left>380</left>
					<width>35</width>
					<height>35</height>
					<texture>snow/snow2.png</texture>
					<aspectratio scalediffuse="false">keep</aspectratio>
					<animation effect="slide" start="0,-960" end="0,1180" time="34000" delay="0" reversible="false" loop="true" condition="true">Conditional</animation>
					<animation effect="rotate" end="-360" time="10000" loop="true" center="auto" condition="true">Conditional</animation>
					<animation effect="rotatey" end="-360" time="17000" loop="true" center="auto" condition="true">Conditional</animation>
				</control>
				<control type="image">
					<left>622</left>
					<width>35</width>
					<height>35</height>
					<texture>snow/snow4.png</texture>
					<aspectratio scalediffuse="false">keep</aspectratio>
					<animation effect="slide" start="0,-100" end="0,1180" time="20000" delay="0" reversible="false" loop="true" condition="true">Conditional</animation>
					<animation effect="rotate" end="-360" time="8000" loop="true" center="auto" condition="true">Conditional</animation>
					<animation effect="rotatey" end="-360" time="10000" loop="true" center="auto" condition="true">Conditional</animation>
				</control>
				<control type="image">
					<left>960</left>
					<width>35</width>
					<height>35</height>
					<texture>snow/snow2.png</texture>
					<aspectratio scalediffuse="false">keep</aspectratio>
					<animation effect="slide" start="0,-500" end="0,1180" time="24000" delay="0" reversible="false" loop="true" condition="true">Conditional</animation>
					<animation effect="rotate" end="-360" time="12000" loop="true" center="auto" condition="true">Conditional</animation>
					<animation effect="rotatey" end="-360" time="12000" loop="true" center="auto" condition="true">Conditional</animation>
				</control>
				<control type="image">
					<left>1200</left>
					<width>35</width>
					<height>35</height>
					<texture>snow/snow3.png</texture>
					<aspectratio scalediffuse="false">keep</aspectratio>
					<animation effect="slide" start="0,-260" end="0,1180" time="18000" delay="0" reversible="false" loop="true" condition="true">Conditional</animation>
					<animation effect="rotate" end="-360" time="12000" loop="true" center="auto" condition="true">Conditional</animation>
					<animation effect="rotatey" end="-360" time="9000" loop="true" center="auto" condition="true">Conditional</animation>
				</control>
				<control type="image">
					<left>1426</left>
					<width>35</width>
					<height>35</height>
					<texture>snow/snow5.png</texture>
					<aspectratio scalediffuse="false">keep</aspectratio>
					<animation effect="slide" start="0,-850" end="0,1180" time="24000" delay="0" reversible="false" loop="true" condition="true">Conditional</animation>
					<animation effect="rotate" end="-360" time="12000" loop="true" center="auto" condition="true">Conditional</animation>
					<animation effect="rotatey" end="-360" time="12000" loop="true" center="auto" condition="true">Conditional</animation>
				</control>
				<control type="image">
					<left>1587</left>
					<width>35</width>
					<height>35</height>
					<texture>snow/snow4.png</texture>
					<aspectratio scalediffuse="false">keep</aspectratio>
					<animation effect="slide" start="0,-1080" end="0,1180" time="35000" delay="0" reversible="false" loop="true" condition="true">Conditional</animation>
					<animation effect="rotate" end="-360" time="12000" loop="true" center="auto" condition="true">Conditional</animation>
					<animation effect="rotatey" end="-360" time="17500" loop="true" center="auto" condition="true">Conditional</animation>
				</control>
			</control>
			<control type="group">
				<control type="image">
					<left>60</left>
					<width>35</width>
					<height>35</height>
					<texture>snow/snow.png</texture>
					<aspectratio scalediffuse="false">keep</aspectratio>
					<animation effect="slide" start="0,-450" end="0,1180" time="24000" delay="0" reversible="false" loop="true" condition="true">Conditional</animation>
					<animation effect="rotate" end="-360" time="12000" loop="true" center="auto" condition="true">Conditional</animation>
					<animation effect="rotatey" end="-360" time="12000" loop="true" center="auto" condition="true">Conditional</animation>
				</control>
				<control type="image">
					<left>260</left>
					<width>35</width>
					<height>35</height>
					<texture>snow/snow.png</texture>
					<aspectratio scalediffuse="false">keep</aspectratio>
					<animation effect="slide" start="0,-200" end="0,1180" time="18000" delay="0" reversible="false" loop="true" condition="true">Conditional</animation>
					<animation effect="rotate" end="-360" time="12000" loop="true" center="auto" condition="true">Conditional</animation>
					<animation effect="rotatey" end="-360" time="9000" loop="true" center="auto" condition="true">Conditional</animation>
				</control>
				<control type="image">
					<left>380</left>
					<width>35</width>
					<height>35</height>
					<texture>snow/snow.png</texture>
					<aspectratio scalediffuse="false">keep</aspectratio>
					<animation effect="slide" start="0,-500" end="0,1180" time="25000" delay="0" reversible="false" loop="true" condition="true">Conditional</animation>
					<animation effect="rotate" end="-360" time="10000" loop="true" center="auto" condition="true">Conditional</animation>
					<animation effect="rotatey" end="-360" time="13500" loop="true" center="auto" condition="true">Conditional</animation>
				</control>
				<control type="image">
					<left>622</left>
					<width>35</width>
					<height>35</height>
					<texture>snow/snow.png</texture>
					<aspectratio scalediffuse="false">keep</aspectratio>
					<animation effect="slide" start="0,-800" end="0,1180" time="32000" delay="0" reversible="false" loop="true" condition="true">Conditional</animation>
					<animation effect="rotate" end="-360" time="8000" loop="true" center="auto" condition="true">Conditional</animation>
					<animation effect="rotatey" end="-360" time="16000" loop="true" center="auto" condition="true">Conditional</animation>
				</control>
				<control type="image">
					<left>960</left>
					<width>35</width>
					<height>35</height>
					<texture>snow/snow.png</texture>
					<aspectratio scalediffuse="false">keep</aspectratio>
					<animation effect="slide" start="0,-50" end="0,1180" time="18000" delay="0" reversible="false" loop="true" condition="true">Conditional</animation>
					<animation effect="rotate" end="-360" time="12000" loop="true" center="auto" condition="true">Conditional</animation>
					<animation effect="rotatey" end="-360" time="9000" loop="true" center="auto" condition="true">Conditional</animation>
				</control>
				<control type="image">
					<left>1200</left>
					<width>35</width>
					<height>35</height>
					<texture>snow/snow.png</texture>
					<aspectratio scalediffuse="false">keep</aspectratio>
					<animation effect="slide" start="0,-960" end="0,1180" time="30000" delay="0" reversible="false" loop="true" condition="true">Conditional</animation>
					<animation effect="rotate" end="-360" time="12000" loop="true" center="auto" condition="true">Conditional</animation>
					<animation effect="rotatey" end="-360" time="15000" loop="true" center="auto" condition="true">Conditional</animation>
				</control>
				<control type="image">
					<left>1426</left>
					<width>35</width>
					<height>35</height>
					<texture>snow/snow.png</texture>
					<aspectratio scalediffuse="false">keep</aspectratio>
					<animation effect="slide" start="0,-160" end="0,1180" time="20000" delay="0" reversible="false" loop="true" condition="true">Conditional</animation>
					<animation effect="rotate" end="-360" time="12000" loop="true" center="auto" condition="true">Conditional</animation>
					<animation effect="rotatey" end="-360" time="10000" loop="true" center="auto" condition="true">Conditional</animation>
				</control>
				<control type="image">
					<left>1587</left>
					<width>35</width>
					<height>35</height>
					<texture>snow/snow.png</texture>
					<aspectratio scalediffuse="false">keep</aspectratio>
					<animation effect="slide" start="0,-300" end="0,1180" time="20000" delay="0" reversible="false" loop="true" condition="true">Conditional</animation>
					<animation effect="rotate" end="-360" time="12000" loop="true" center="auto" condition="true">Conditional</animation>
					<animation effect="rotatey" end="-360" time="10000" loop="true" center="auto" condition="true">Conditional</animation>
				</control>
			</control>
			<control type="group">
				<control type="image">
					<left>520</left>
					<width>55</width>
					<height>55</height>
					<texture>snow/snow3.png</texture>
					<aspectratio scalediffuse="false">keep</aspectratio>
					<animation effect="slide" start="0,-200" end="0,1180" time="22000" delay="0" reversible="false" loop="true" condition="true">Conditional</animation>
					<animation effect="rotate" end="-360" time="12000" loop="true" center="auto" condition="true">Conditional</animation>
					<animation effect="rotatey" end="-360" time="11000" loop="true" center="auto" condition="true">Conditional</animation>
				</control>
				<control type="image">
					<left>730</left>
					<width>55</width>
					<height>55</height>
					<texture>snow/snow5.png</texture>
					<aspectratio scalediffuse="false">keep</aspectratio>
					<animation effect="slide" start="0,-300" end="0,1180" time="25000" delay="0" reversible="false" loop="true" condition="true">Conditional</animation>
					<animation effect="rotate" end="-360" time="12000" loop="true" center="auto" condition="true">Conditional</animation>
					<animation effect="rotatey" end="-360" time="12500" loop="true" center="auto" condition="true">Conditional</animation>
				</control>
				<control type="image">
					<left>980</left>
					<width>55</width>
					<height>55</height>
					<texture>snow/snow2.png</texture>
					<aspectratio scalediffuse="false">keep</aspectratio>
					<animation effect="slide" start="0,-560" end="0,1180" time="30000" delay="0" reversible="false" loop="true" condition="true">Conditional</animation>
					<animation effect="rotate" end="-360" time="10000" loop="true" center="auto" condition="true">Conditional</animation>
					<animation effect="rotatey" end="-360" time="15000" loop="true" center="auto" condition="true">Conditional</animation>
				</control>
				<control type="image">
					<left>1100</left>
					<width>55</width>
					<height>55</height>
					<texture>snow/snow4.png</texture>
					<aspectratio scalediffuse="false">keep</aspectratio>
					<animation effect="slide" start="0,-700" end="0,1180" time="24000" delay="0" reversible="false" loop="true" condition="true">Conditional</animation>
					<animation effect="rotate" end="-360" time="8000" loop="true" center="auto" condition="true">Conditional</animation>
					<animation effect="rotatey" end="-360" time="12000" loop="true" center="auto" condition="true">Conditional</animation>
				</control>
				<control type="image">
					<left>1375</left>
					<width>55</width>
					<height>55</height>
					<texture>snow/snow2.png</texture>
					<aspectratio scalediffuse="false">keep</aspectratio>
					<animation effect="slide" start="0,-1000" end="0,1180" time="35000" delay="0" reversible="false" loop="true" condition="true">Conditional</animation>
					<animation effect="rotate" end="-360" time="12000" loop="true" center="auto" condition="true">Conditional</animation>
					<animation effect="rotatey" end="-360" time="17500" loop="true" center="auto" condition="true">Conditional</animation>
				</control>
				<control type="image">
					<left>1615</left>
					<width>55</width>
					<height>55</height>
					<texture>snow/snow3.png</texture>
					<aspectratio scalediffuse="false">keep</aspectratio>
					<animation effect="slide" start="0,-460" end="0,1180" time="23000" delay="0" reversible="false" loop="true" condition="true">Conditional</animation>
					<animation effect="rotate" end="-360" time="12000" loop="true" center="auto" condition="true">Conditional</animation>
					<animation effect="rotatey" end="-360" time="11500" loop="true" center="auto" condition="true">Conditional</animation>
				</control>
				<control type="image">
					<left>1826</left>
					<width>55</width>
					<height>55</height>
					<texture>snow/snow5.png</texture>
					<aspectratio scalediffuse="false">keep</aspectratio>
					<animation effect="slide" start="0,-450" end="0,1180" time="24000" delay="0" reversible="false" loop="true" condition="true">Conditional</animation>
					<animation effect="rotate" end="-360" time="12000" loop="true" center="auto" condition="true">Conditional</animation>
					<animation effect="rotatey" end="-360" time="12000" loop="true" center="auto" condition="true">Conditional</animation>
				</control>
			</control>
		</control>
	</include>
</includes>
