<?xml version="1.0" encoding="UTF-8"?>
<window>
	<defaultcontrol></defaultcontrol>
	<onload condition="String.IsEmpty(Skin.String(FullScreenMusicStyle))">Skin.SetString(FullScreenMusicStyle,1)</onload>
<controls>
	<include>BackgroundItems</include>

	<!-- ====================== -->
	<!-- == Backgrounds Code == -->
	<!-- ====================== -->

	<!-- Scrolling Titles -->
    <control type="group">
			<animation effect="fade" time="600">WindowOpen</animation>
			<animation effect="fade" time="600">WindowClose</animation>
			<animation effect="fade" time="400">Visible</animation>
			<animation effect="fade" time="400">Hidden</animation>
			<visible>!Window.IsActive(script-cu-lrclyrics-main.xml)</visible>
			<visible>!Skin.HasSetting(HideOSDScrollingTitles)</visible>
			<control type="group" id="3333">
				<visible> Integer.IsGreater(System.Time(ss),41)</visible>
				<animation effect="fade" time="600">Visible</animation>
				<animation effect="fade" time="600">Hidden</animation>
				<control type="label">
					<description>Now Playing</description>
					<left>0</left>
					<top>900</top>
					<width>1350</width>
					<height>25</height>
					<label>$INFO[Player.Title,  ,]$INFO[Player.Title,  ,]$INFO[Player.Title,  ,]$INFO[Player.Title,  ,]$INFO[Player.Title,  ,]</label>
					<scroll>true</scroll>
					<font>FontNP_230</font>
					<pauseatend>0</pauseatend>
					<textcolor>77ffffff</textcolor>
					<angle>45</angle>
					<align>left</align>
				</control>
				<control type="label">
					<description>Now Playing</description>
					<left>200</left>
					<top>900</top>
					<width>1350</width>
					<label>$INFO[MusicPlayer.Artist, ,]$INFO[MusicPlayer.Artist, ,]$INFO[MusicPlayer.Artist,,]$INFO[MusicPlayer.Artist,,]$INFO[MusicPlayer.Artist, ,]$INFO[MusicPlayer.Artist, ,]$INFO[MusicPlayer.Artist, ,]$INFO[MusicPlayer.Artist, ,]$INFO[MusicPlayer.Artist, ,]</label>
					<scroll>true</scroll>
					<pauseatend>0</pauseatend>
					<font>FontNP_110</font>
					<textcolor>44grey</textcolor>
					<angle>45</angle>
					<align>left</align>
					<scrollspeed>100</scrollspeed>
				</control>
				<control type="label">
					<description>Now Playing</description>
					<left>320</left>
					<top>900</top>
					<width>1350</width>
					<label>$INFO[MusicPlayer.Album, ,]$INFO[MusicPlayer.Album, ,]$INFO[MusicPlayer.Album, ,]$INFO[MusicPlayer.Album, ,]$INFO[MusicPlayer.Album, ,]$INFO[MusicPlayer.Album, ,]$INFO[MusicPlayer.Album, ,]$INFO[MusicPlayer.Album, ,]$INFO[MusicPlayer.Album, ,]$INFO[MusicPlayer.Album, ,]</label>
					<scroll>true</scroll>
					<pauseatend>0</pauseatend>
					<font>FontSize_48</font>
					<textcolor>99grey</textcolor>
					<angle>45</angle>
					<align>left</align>
					<scrollspeed>80</scrollspeed>
				</control>
				<control type="label">
					<description>Player Times</description>
					<left>70</left>
					<top>0</top>
					<width>900</width>
					<label>$INFO[MusicPlayer.Time(mm:ss)]</label>
					<align>left</align>
					<font>FontNP_230</font>
					<angle>-45</angle>
					<textcolor>33ffffff</textcolor>
				</control>
      </control>
			<control type="group" id="3334">
				<visible> Integer.IsGreater(System.Time(ss),0) + !Integer.IsGreater(System.Time(ss),21)</visible>
				<animation effect="fade" time="600">Visible</animation>
				<animation effect="fade" time="600">Hidden</animation>
			  <control type="label">
					<description>Now Playing</description>
					<left>0</left>
					<top>450</top>
					<width>1350</width>
					<height>25</height>
					<label>$INFO[Player.Title,  ,]$INFO[Player.Title,  ,]$INFO[Player.Title,  ,]$INFO[Player.Title,  ,]$INFO[Player.Title,  ,]</label>
					<scroll>true</scroll>
					<font>FontNP_230</font>
					<pauseatend>0</pauseatend>
					<textcolor>77ffffff</textcolor>
					<align>left</align>
				</control>
			    <control type="label">
					<description>Now Playing</description>
					<left>0</left>
					<top>600</top>
					<width>1350</width>
					<label>$INFO[MusicPlayer.Artist, ,]$INFO[MusicPlayer.Artist, ,]$INFO[MusicPlayer.Artist,,]$INFO[MusicPlayer.Artist,,]$INFO[MusicPlayer.Artist, ,]$INFO[MusicPlayer.Artist, ,]$INFO[MusicPlayer.Artist, ,]$INFO[MusicPlayer.Artist, ,]$INFO[MusicPlayer.Artist, ,]</label>
					<scroll>true</scroll>
					<pauseatend>0</pauseatend>
					<font>FontNP_110</font>
					<textcolor>44grey</textcolor>
					<align>left</align>
					<scrollspeed>100</scrollspeed>
				</control>
			    <control type="label">
					<description>Now Playing</description>
					<left>0</left>
					<top>600</top>
					<width>1350</width>
					<label>$INFO[MusicPlayer.Album, ,]$INFO[MusicPlayer.Album, ,]$INFO[MusicPlayer.Album, ,]$INFO[MusicPlayer.Album, ,]$INFO[MusicPlayer.Album, ,]$INFO[MusicPlayer.Album, ,]$INFO[MusicPlayer.Album, ,]$INFO[MusicPlayer.Album, ,]$INFO[MusicPlayer.Album, ,]$INFO[MusicPlayer.Album, ,]</label>
					<scroll>true</scroll>
					<pauseatend>0</pauseatend>
					<font>FontSize_48</font>
					<textcolor>99grey</textcolor>
					<align>left</align>
					<scrollspeed>80</scrollspeed>
				</control>
			    <control type="label">
					<description>Player Times</description>
					<left>760</left>
					<top>80</top>
					<width>900</width>
					<label>$INFO[MusicPlayer.Time(mm:ss)]</label>
					<align>left</align>
					<font>FontNP_230</font>
					<textcolor>33ffffff</textcolor>
			  </control>
      </control>
			<control type="group" id="3335">
				<visible> Integer.IsGreater(System.Time(ss),20) + !Integer.IsGreater(System.Time(ss),41)</visible>
				<animation effect="fade" time="600">Visible</animation>
				<animation effect="fade" time="600">Hidden</animation>
				<control type="label">
					<description>Now Playing</description>
					<left>400</left>
					<top>900</top>
					<width>1050</width>
					<height>25</height>
					<label>$INFO[Player.Title,  ,]$INFO[Player.Title,  ,]$INFO[Player.Title,  ,]$INFO[Player.Title,  ,]$INFO[Player.Title,  ,]</label>
					<scroll>true</scroll>
					<font>FontNP_230</font>
					<pauseatend>0</pauseatend>
					<angle>90</angle>
					<textcolor>77ffffff</textcolor>
				</control>
			    <control type="label">
					<description>Now Playing</description>
					<left>610</left>
					<top>900</top>
					<width>1350</width>
					<label>$INFO[MusicPlayer.Artist, ,]$INFO[MusicPlayer.Artist, ,]$INFO[MusicPlayer.Artist,,]$INFO[MusicPlayer.Artist,,]$INFO[MusicPlayer.Artist, ,]$INFO[MusicPlayer.Artist, ,]$INFO[MusicPlayer.Artist, ,]$INFO[MusicPlayer.Artist, ,]$INFO[MusicPlayer.Artist, ,]</label>
					<scroll>true</scroll>
					<pauseatend>0</pauseatend>
					<font>FontNP_110</font>
					<textcolor>44grey</textcolor>
					<align>left</align>
					<angle>90</angle>
					<scrollspeed>100</scrollspeed>
				</control>
			    <control type="label">
					<description>Now Playing</description>
					<left>580</left>
					<top>900</top>
					<width>1350</width>
					<label>$INFO[MusicPlayer.Album, ,]$INFO[MusicPlayer.Album, ,]$INFO[MusicPlayer.Album, ,]$INFO[MusicPlayer.Album, ,]$INFO[MusicPlayer.Album, ,]$INFO[MusicPlayer.Album, ,]$INFO[MusicPlayer.Album, ,]$INFO[MusicPlayer.Album, ,]$INFO[MusicPlayer.Album, ,]$INFO[MusicPlayer.Album, ,]</label>
					<scroll>true</scroll>
					<pauseatend>0</pauseatend>
					<font>FontSize_48</font>
					<textcolor>99grey</textcolor>
					<align>left</align>
					<angle>90</angle>
					<scrollspeed>80</scrollspeed>
				</control>
			    <control type="label">
					<description>Player Times</description>
					<left>-40</left>
					<top>280</top>
					<width>900</width>
					<label>$INFO[MusicPlayer.Time(mm:ss)]</label>
					<align>left</align>
					<font>FontNP_230</font>
					<textcolor>33ffffff</textcolor>
			  </control>
      </control>
    </control>
	<include condition="Skin.HasSetting(MakeItSnow)">SnowBackground</include>
		<!-- Fade Colors -->
		<control type="multiimage">
			<include>FullscreenDimensions</include>
			<randomize>true</randomize>
			<timeperimage>12000</timeperimage>
			<fadetime>4000</fadetime>
			<pauseatend>0</pauseatend>
			<loop>true</loop>
			<imagepath background="true">special://skin/extras/backgrounds/music_colors</imagepath>
			<colordiffuse>BBFFFFFF</colordiffuse>
        <animation effect="fade" start="0" end="100" time="550" delay="0" tween="sine" easing="out">WindowOpen</animation>
        <animation effect="fade" start="100" end="0" time="550" delay="200" tween="sine" easing="out">WindowClose</animation>
        <animation effect="fade" start="0" end="100" time="550" delay="0" tween="sine" easing="out">Visible</animation>
        <animation effect="fade" start="100" end="0" time="550" delay="200" tween="sine" easing="out">Hidden</animation>
			<visible>!Skin.HasSetting(HideOSDDiffuseColors)</visible>
		</control>

		<!-- Artist Info -->
		<control type="textbox">
			<description>textarea</description>
			<left>100</left>
			<top>0</top>
			<width>1080</width>
			<height>720</height>
			<align>center</align>
			<font>FontSize_60</font>
			<textcolor>aawhite</textcolor>
			<shadowcolor>55000000</shadowcolor>
			<autoscroll time="2800" delay="0" repeat="7500">true</autoscroll>
			<label>[CR] [CR] [CR] [CR] [CR] [CR] [CR] [CR] [CR]$INFO[MusicPlayer.Property(Artist_Description)][CR] [CR] [CR]$INFO[MusicPlayer.Property(Album_Description)][CR] [CR] [CR] [CR] [CR] [CR] [CR] [CR] [CR] </label>
			<visible>Skin.HasSetting(MusicInfoOSD)</visible>
			<visible>!Window.IsVisible(MusicOSD) + !Window.IsVisible(script-cu-lrclyrics-main.xml)</visible>
			<animation effect="fade" start="100" end="0" time="400">Hidden</animation>
			<animation effect="fade" start="100" end="0" time="1500">WindowClose</animation>
		</control>

	  <!-- ===================== -->
	  <!-- == Music Info Code == -->
	  <!-- ===================== -->

    <!-- Music Info (Default) -->
		<control type="group">
			<left>45</left>
      <include>OSDAnimation</include>
			<visible>[Player.Paused | Player.Forwarding | Player.Rewinding | Player.ShowInfo | Window.IsActive(MusicOSD)]</visible>
		  <visible>!String.IsEqual(Skin.String(FullScreenMusicStyle),2) + !Window.IsActive(script-cu-lrclyrics-main.xml) + !Window.IsActive(AddonSettings) + !Window.IsActive(BusyDialog) + !Window.IsActive(SelectDialog) + !Window.IsActive(VisualisationPresetList) + !Window.IsActive(1112) + !Window.IsActive(ShutdownMenu) + !Window.IsActive(favourites)</visible>
  	  <control type="image">
			<top>120</top>
			<left>-45</left>
      <include>FullscreenDimensions</include>
  		<texture background="true">windows/home/menu_overlay.png</texture>
  	</control>

	  <!-- Info -->
		<control type="group">
			<left>180</left>
			<top>497</top>
			<control type="label">
				<description>Title label</description>
				<left>0</left>
				<top>0</top>
				<height>30</height>
				<width>730</width>
			  <label>$VAR[PlayerTitleLabel]</label>
				<align>left</align>
				<aligny>center</aligny>
				<font>FontSize_36</font>
				<textcolor>white</textcolor>
				<shadowcolor>77000000</shadowcolor>
			</control>
			<control type="label">
				<description>Album Label</description>
				<left>2</left>
				<top>40</top>
				<height>40</height>
				<width>550</width>
			  <label>$VAR[PlayerSubLabel]</label>
				<align>left</align>
				<aligny>center</aligny>
				<font>FontSize_20</font>
				<textcolor>77ffffff</textcolor>
				<shadowcolor>77000000</shadowcolor>
			</control>
			<control type="image">
				<description>Rating image</description>
				<left>885</left>
				<top>8</top>
				<width>130</width>
			  <height>25</height>
        <aspectratio>keep</aspectratio>
				<texture>rating/$INFO[Player.StarRating]</texture>
			</control>
		</control>

	  <!-- Logo MusicVisualisation -->
		<control type="group">
      <left>995</left>
			<top>385</top>
      <include>MusicLogoArtist</include>
		</control>
    <!-- Cover -->
		<control type="group">
      <left>0</left>
			<top>475</top>
      <include>PlayerSquare</include>
		</control>
    <!-- Progress -->
	    <control type="group" id="1">
			<left>1</left>
			<top>537</top>
      <include>OSDProgressBar</include>
		</control>
    <!-- Time Label -->
	  <control type="group" id="1">
			<left>180</left>
			<top>585</top>
			<control type="label" id="1">
				<left>0</left>
				<top>0</top>
				<height>60</height>
				<width>550</width>
			  <label>$INFO[Player.Time]$INFO[Player.Duration, / ]</label>
				<align>left</align>
				<aligny>center</aligny>
				<font>FontSize_46</font>
				<textcolor>white</textcolor>
				<shadowcolor>77000000</shadowcolor>
			</control>
		</control>

    <!-- Right Fade SubLabels -->
		<control type="group">
			<left>737</left>
			<top>537</top>
			<control type="label">
				<left>0</left>
				<top>0</top>
				<width>450</width>
				<height>40</height>
				<font>FontSize_20</font>
				<align>right</align>
				<aligny>center</aligny>
			  <label>$LOCALIZE[554] $INFO[MusicPlayer.PlaylistPosition]$INFO[MusicPlayer.PlaylistLength,/, ·] $INFO[musicplayer.Codec,]$INFO[musicplayer.Bitrate, · ,kbps]$INFO[musicplayer.bitspersample, · ,bit]$INFO[musicplayer.Samplerate, · ,kHz]</label>
				<textcolor>77ffffff</textcolor>
			  <shadowcolor>77000000</shadowcolor>
				<animation type="Conditional" reversible="false" condition="MusicPlayer.HasNext" loop="true">
					<effect type="fade" start="0" end="100" time="500" delay="0" />
					<effect type="fade" start="100" end="0" time="500" delay="10000" />
					<effect type="fade" start="100" end="0" time="500" delay="20000" />
				</animation>
			</control>
			<control type="label">
				<left>0</left>
				<top>0</top>
				<width>450</width>
				<height>40</height>
				<font>FontSize_20</font>
				<align>right</align>
				<aligny>center</aligny>
			  <label>[COLOR=white]$LOCALIZE[209]:[/COLOR] $INFO[MusicPlayer.offset(1).Title]$INFO[MusicPlayer.offset(1).Artist, (,)]</label>
				<textcolor>77ffffff</textcolor>
			  <shadowcolor>77000000</shadowcolor>
				<animation type="Conditional" reversible="false" condition="MusicPlayer.HasNext" loop="true">
					<effect type="fade" start="0" end="100" time="500" delay="10500" />
					<effect type="fade" start="100" end="0" time="500" delay="20000" />
				</animation>
			  <visible>MusicPlayer.HasNext</visible>
			</control>
		</control>
	</control>

  <!-- Music Info (Simple) -->
	<control type="group" id="1">
		<visible>String.IsEqual(Skin.String(FullScreenMusicStyle),2)</visible>
	  <visible>Player.ShowInfo + ![Window.IsActive(script-cu-lrclyrics-main.xml) | Window.IsActive(AddonSettings) | Window.IsActive(BusyDialog) | Window.IsActive(SelectDialog) | Window.IsActive(VisualisationPresetList) | Window.IsActive(1112) | Window.IsActive(ShutdownMenu) | Window.IsActive(favourites) | String.IsEmpty(Player.TimeRemaining)]</visible>
    <include>OSDAnimation</include>
	  <control type="image" id="1">
		  <left>0</left>
		  <top>305</top>
      <include>FullscreenDimensions</include>
			<texture background="true">windows/home/menu_overlay.png</texture>
	  </control>
	<control type="grouplist" id="1">
	  <left>37</left>
		<top>636</top>
		<width>1000</width>
		<height>72</height>
		<align>left</align>
		<itemgap>5</itemgap>
		<orientation>horizontal</orientation>
    <include>KaiToastSlideAnimations</include>
	  <control type="label" id="1">
			<height>60</height>
			<width min="10" max="1000">auto</width>
			<label>$INFO[Player.Time]</label>
			<align>left</align>
			<aligny>center</aligny>
			<font>FontSize_50</font>
			<textcolor>white</textcolor>
			<shadowcolor>77000000</shadowcolor>
		</control>
		<control type="group" id="1">
		  <control type="label" id="1">
				<left>0</left>
				<top>8</top>
				<width>1000</width>
				<height>25</height>
			 	<label>$VAR[PlayerTitleLabel]</label>
				<align>left</align>
				<aligny>center</aligny>
				<font>NotificationsFont</font>
				<textcolor>white</textcolor>
				<shadowcolor>77000000</shadowcolor>
			</control>
			<control type="label" id="1">
				<left>0</left>
				<top>29</top>
				<width>1000</width>
				<height>25</height>
			 	<label>$VAR[PlayerSubLabel]</label>
				<align>left</align>
				<aligny>center</aligny>
				<font>NotificationsFont</font>
				<textcolor>99ffffff</textcolor>
				<shadowcolor>77000000</shadowcolor>
			</control>
		</control>
	  </control>
	  	<control type="progress" id="5">
	  		<info>Player.Progress</info>
	  		<include>HiddenItem</include>
	  		<visible>false</visible>
	  	</control>
	  </control>

    <!-- ===================== -->
    <!-- == Weather & Clock == -->
    <!-- ===================== -->
    <control type="group">
			<left>25</left>
			<top>45</top>
		  <include>OpenCloseSlideAnimation</include>
  	    <animation type="Visible">
          <include>CommonOpenEffect</include>
  	    </animation>
        <animation type="Hidden">
          <include>CommonCloseEffect</include>
        </animation>
          <include>WeatherAndClock</include>
          <visible>Player.ShowInfo | [Window.IsActive(MusicOSD) + !String.IsEqual(Skin.String(FullScreenMusicStyle),2)]</visible>
	  </control>
	</controls>
</window>
