<?xml version="1.0" encoding="UTF-8"?>
<window  id="502">
	<defaultcontrol always="true">50</defaultcontrol>
  <backgroundcolor/>
	<views>50,660,51,52,56,562,560,57,59</views>
	<controls>
		<include>BackgroundItems</include>
		<include>MusicViews</include>
		<include>CommonItems</include>

    <!-- ================ -->
    <!-- Top Options Menu -->
    <!-- ================ -->
	  <control type="group"  id="9000">
			<left>30</left>
			<top>25</top>
            <include>ShutdownMenuAnimation</include>
            <include>OptionsTopMenuAnimation</include>
            <include>OptionsTopMenuHeader</include>
            <!-- Options -->
			<control type="grouplist" id="9111">
            <include>OptionsTopMenuVars</include>
				<control type="button" id="2">
					<description>View as</description>
				    <include>TopLeftMenusButton</include>
				</control>
				<control type="togglebutton" id="294">
				    <description>Change Thumbs Size (Thumbnails View)</description>
				    <include>TopLeftMenusButton</include>
	                <label>$LOCALIZE[31098]</label>
	                <altlabel>$LOCALIZE[31099]</altlabel>
					<onclick>Skin.ToggleSetting(ShowSmallMusicThumbs)</onclick>
					<selected>Skin.HasSetting(ShowSmallMusicThumbs)</selected>
				    <visible>[Control.IsVisible(560) + [String.Contains(Container.FolderPath,plugin://plugin,left) | Container.Content(Albums) | Container.Content(Artists) | Container.Content(Songs) | Container.Content(Genres) | Container.Content(MusicVideos)] + !String.IsEqual(Container.FolderPath,addons://sources/audio)]</visible>
				</control>
				<control type="togglebutton" id="295">
				    <description>Change Thumbs Size (Thumbnails View)</description>
				    <include>TopLeftMenusButton</include>
	                <label>$LOCALIZE[31098]</label>
	                <altlabel>$LOCALIZE[31099]</altlabel>
					<onclick>Skin.ToggleSetting(ShowSmallMusicAddonsThumbs)</onclick>
					<selected>Skin.HasSetting(ShowSmallMusicAddonsThumbs)</selected>
				    <visible>[Control.IsVisible(560) + String.IsEqual(Container.FolderPath,addons://sources/audio)]</visible>
				</control>
  			    <control type="togglebutton" id="296">
  			        <description>Disable Thumb Glow</description>
  			        <include>TopLeftMenusButton</include>
                    <label>$LOCALIZE[31100]: $LOCALIZE[31011]</label>
                    <altlabel>$LOCALIZE[31100]: $LOCALIZE[31012]</altlabel>
  			      	<onclick>Skin.ToggleSetting(Disable3DWallMusicView_ThumbGlow)</onclick>
  			    	<selected>Skin.HasSetting(Disable3DWallMusicView_ThumbGlow)</selected>
  			        <visible>Control.IsVisible(59) + [Container.Content(Albums) | Container.Content(Artists) | Container.Content(Songs)]</visible>
  			    </control>
				<!-- Top Left Menu cdArt Select Buttons -->				
				<control type="button" id="297">  
				   	<description>Show cdArt</description>
  			        <include>TopLeftMenusButton</include>							
					<label>$LOCALIZE[31443]: [COLOR=$VAR[Text.GlobalColor]]$VAR[LabelcdArtSelect][/COLOR]</label>
					<onclick>$VAR[cdArtSelect]</onclick>
					<visible>Container.Content(Albums) | Container.Content(Songs)</visible>
				</control>
  			    <control type="togglebutton" id="298">
  			        <description>Disable Thumb Glow</description>
  			        <include>TopLeftMenusButton</include>
                    <label>$LOCALIZE[31100]: $LOCALIZE[31011]</label>
                    <altlabel>$LOCALIZE[31100]: $LOCALIZE[31012]</altlabel>
  			     	<onclick>Skin.ToggleSetting(DisableMusicListView_ThumbGlow)</onclick>
  			    	<selected>Skin.HasSetting(DisableMusicListView_ThumbGlow)</selected>
  			        <visible>Control.IsVisible(50) + [Container.Content(Albums) | Container.Content(Artists) | Container.Content(Songs) | Container.Content(MusicVideos) | String.IsEqual(Container.FolderPath,addons://sources/audio)]</visible>
  			    </control>
				<control type="button" id="3">
					<description>Sort by</description>
				    <include>TopLeftMenusButton</include>
				</control>
				<control type="togglebutton" id="4">
					<description>Sort Ascending/Descending</description>
                    <label>$LOCALIZE[21429]: $LOCALIZE[584]</label>
                    <altlabel>$LOCALIZE[21429]: $LOCALIZE[585]</altlabel>
			    	<include>TopLeftMenusButton</include>
				</control>
  			    <control type="edit" id="19">
  				    <description>Filter</description>
					<label>$LOCALIZE[587]</label>
				    <textwidth>305</textwidth>
  			        <include>TopLeftMenusButton</include>
  				    <visible>Container.CanFilter + !Container.CanFilterAdvanced</visible>
  			    </control>
  		        <control type="button" id="98">
					<description>FilterAdvanced</description>
					<label>$LOCALIZE[587]</label>
					<include>TopLeftMenusButton</include>
					<onclick>Action(right)</onclick>
					<selected>Container.Filtered</selected>
					<onclick>Filter</onclick>
					<visible>Container.CanFilterAdvanced</visible>
				</control>
  			    <control type="button" id="308">
  				    <description>Search</description>
					<label>$LOCALIZE[137]</label>
  			        <include>TopLeftMenusButton</include>
					<onclick>Action(right)</onclick>
					<onclick>SendClick(8)</onclick>
  			    </control>
				<control type="togglebutton" id="16">
					<description>Party Mode</description>
	                <label>$LOCALIZE[589]: $LOCALIZE[31012]</label>
	                <altlabel>$LOCALIZE[589]: $LOCALIZE[31011]</altlabel>
				    <include>TopLeftMenusButton</include>
				</control>
				<control type="togglebutton" id="20">
					<description>Update Library</description>
					<label>$LOCALIZE[653]</label>
					<altlabel>$LOCALIZE[13353]</altlabel>
					<usealttexture>Library.IsScanningMusic</usealttexture>
					<onclick>Action(right)</onclick>
				    <include>TopLeftMenusButton</include>
				</control>
  			    <control type="button" id="97">
  				    <description>Current Playlist</description>
  				    <label>$LOCALIZE[13350]</label>
  			        <include>TopLeftMenusButton</include>
    		     	<onclick>$VAR[CurrentPlayList]</onclick>
    		    	<visible>!String.IsEqual(Playlist.Length(music),0)</visible>
  			    </control>
  			<include>OptionsTopMenuEnd</include>
		</control>
	</control>


    <!-- ================ -->
    <!-- Top Content Info -->
    <!-- ================ -->
	  <control type="group">
			<left>45</left>
			<top>25</top>
  		    <include>ShutdownMenuAnimation</include>
            <include>InfoDialogs_ContentInfoAnimation</include>
            <include>VisibleHiddenSlideAnimation</include>
		    <visible>!ControlGroup(9000).HasFocus</visible>
			<control type="grouplist">
				<left>0</left>
				<top>0</top>
				<height>70</height>
				<width>1000</width>
				<align>left</align>
				<itemgap>15</itemgap>
				<orientation>horizontal</orientation>
	            <include>LogoBig</include>
		        <include>OpenCloseSlideAnimationTwo</include>
				<control type="label">
				    <include>TopBigLabel</include>
					<label>$LOCALIZE[2]</label>
			    <visible>![Container.Content(MusicVideos) | String.Contains(Container.FolderPath,.xsp,Right) | String.Contains(Container.FolderPath,.m3u,Right)]</visible>
				</control>
				<control type="label">
				    <include>TopBigLabel</include>
					<label>$LOCALIZE[20389]</label>
			    <visible>Container.Content(MusicVideos)</visible>
				</control>
				<control type="label">
				    <include>TopBigLabel</include>
					<label>$LOCALIZE[20011]</label>
			    <visible>String.Contains(Container.FolderPath,.xsp,Right) | String.Contains(Container.FolderPath,.m3u,Right)</visible>
				</control>
				<control type="label">
				    <include>TopSmallLabel</include>
			        <label>$LOCALIZE[24001]</label>
		            <visible>String.Contains(Container.FolderPath,plugin://plugin.audio,left) | String.Contains(Container.FolderPath,plugin://plugin.video,left)</visible>
				</control>
				<control type="label">
				    <include>TopSmallLabel</include>
			        <label>$INFO[Container.FolderName]</label>
				</control>
			</control>
	  </control>

		<control type="button" id="8">
			<description>Search</description>
			<visible>false</visible>
		</control>
		<include>CommonWeatherAndClock</include>
		<include>JumpToFirstSortLetter</include>
	</controls>
</window>
