<?xml version="1.0" encoding="UTF-8"?>
<window>
  <backgroundcolor/>
  <onload>SetProperty(Movement,1)</onload>
  <onunload>ClearProperty(Movement)</onunload>
	<controls>

	 <control type="group" id="100">
		<control type="group">
			<visible>!Skin.HasSetting(HideBGFanart)</visible>
			<control type="image">
			  <include>FullscreenDimensions</include>
				<texture background="true">$VAR[GlobalSearchFanart]</texture>
				<fadetime>FanartCrossfadeTime</fadetime>
				<animation effect="fade" time="350" tween="sine" easing="out">WindowOpen</animation>
				<animation effect="fade" time="250" tween="sine" easing="in">WindowClose</animation>
			</control>
			<control type="image">
			  <include>FullscreenDimensions</include>
		    <texture background="true">windows/bg/bg_vignette.png</texture>
				<animation effect="fade" time="350" tween="sine" easing="out">WindowOpen</animation>
				<animation effect="fade" time="350" delay="250" tween="sine" easing="in">WindowClose</animation>
			</control>
			<control type="image">
			  <include>FullscreenDimensions</include>
		    <texture background="true">windows/bg/bg_overlay.png</texture>
				<animation effect="fade" time="350" tween="sine" easing="out">Visible</animation>
				<animation effect="fade" time="350" tween="sine" easing="in">Hidden</animation>
				<visible>Window.IsActive(script-globalsearch-infodialog.xml)</visible>
			</control>
		</control>

	  <control type="group" id="101">
			<width>1280</width>
			<animation type="WindowOpen" reversible="false">
			  <include>CommonVisibleEffect</include>
			</animation>
			<animation type="WindowClose" reversible="false">
			  <include>CommonHiddenEffect</include>
			</animation>
			<include>VisibleHiddenSlideAnimation</include>
			<visible>!Window.IsActive(script-globalsearch-infodialog.xml) + !Window.IsActive(PlayerControls) + !Window.IsActive(Favourites)</visible>
			<!-- Movies -->
			<control type="group" id="119">
				<left>45</left>
				<include>GlobalSearchEffect_Movies</include>
    		<include>GlobalSearch_LabelAndMore</include>
    		<visible allowhiddenfocus="true">Control.HasFocus(111)</visible>
				<control type="label" id="110">
					<font></font>
				</control>
  			<control type="label">
  				<left>0</left>
  				<top>588</top>
  				<width>1000</width>
  				<height>30</height>
  				<font>FontSize_22</font>
  				<textcolor>homeinfo</textcolor>
  				<label>$INFO[Container(111).ListItem.Property(Year)]$INFO[Container(111).ListItem.Property(Rating), • ]$INFO[Container(111).ListItem.Property(Duration), • , $LOCALIZE[12391]]</label>
  			</control>
				<control type="fixedlist" id="111">
					<left>0</left>
					<top>320</top>
					<width>1190</width>
					<height>256</height>
					<onleft>111</onleft>
					<onright>111</onright>
          <onup>SetProperty(Movement,1)</onup>
		      <onup>181</onup>
          <ondown>ClearProperty(Movement)</ondown>
		      <ondown>121</ondown>
	        <preloaditems>4</preloaditems>
				  <focusposition>0</focusposition>
				  <orientation>horizontal</orientation>
          <scrolltime tween="Quadratic" easing="out">300</scrolltime>
					<itemlayout height="256" width="149.5">
						<include>HomeWidgets_Poster_ItemLayout</include>
						<include>GlobalSearch_UnWatchedPoster</include>
					</itemlayout>
					<focusedlayout height="256" width="149.5">
						<include>HomeWidgets_Poster_Focusedlayout</include>
						<include>GlobalSearch_UnWatchedPoster</include>
					</focusedlayout>
				</control>
				<include>GlobalSearch_NavigationArrows</include>
			</control>

			<!-- TV Shows -->
			<control type="group" id="129">
				<left>45</left>
				<include>GlobalSearchEffect_TVShows</include>
    		<include>GlobalSearch_LabelAndMore</include>
    		<visible allowhiddenfocus="true">Control.HasFocus(121)</visible>
				<control type="label" id="120">
					<font></font>
				</control>
  			<control type="label">
  				<left>0</left>
  				<top>588</top>
  				<width>1000</width>
  				<height>30</height>
  				<font>FontSize_22</font>
  				<textcolor>homeinfo</textcolor>
  				<label>$INFO[Container(121).ListItem.Property(Year),, • ]$INFO[Container(121).ListItem.Property(Rating),,]$INFO[Container(121).ListItem.Property(MPAA), • ,]</label>
  			</control>
				<control type="fixedlist" id="121">
					<left>0</left>
					<top>320</top>
					<width>1190</width>
					<height>256</height>
					<onleft>121</onleft>
					<onright>121</onright>
          <onup>SetProperty(Movement,1)</onup>
		      <onup>111</onup>
          <ondown>ClearProperty(Movement)</ondown>
		      <ondown>141</ondown>
	        <preloaditems>4</preloaditems>
				  <focusposition>0</focusposition>
				  <orientation>horizontal</orientation>
          <scrolltime tween="Quadratic" easing="out">300</scrolltime>
					<itemlayout height="256" width="149.5">
						<include>HomeWidgets_Poster_ItemLayout</include>
						<include>GlobalSearch_UnWatchedPoster</include>
					</itemlayout>
					<focusedlayout height="256" width="149.5">
						<include>HomeWidgets_Poster_Focusedlayout</include>
						<include>GlobalSearch_UnWatchedPoster</include>
					</focusedlayout>
				</control>
				<include>GlobalSearch_NavigationArrows</include>
			</control>

			<!-- Seasons (Disabled) -->
			<control type="group" id="139">
				<left>45</left>
				<control type="label" id="130">
					<font></font>
				</control>
				<control type="fixedlist" id="131">
					<visible>false</visible>
				</control>
			</control>

			<!-- Episodes -->
			<control type="group" id="149">
				<left>45</left>
				<include>GlobalSearchEffect_Episodes</include>
    		<include>GlobalSearch_LabelAndMore</include>
    		<visible allowhiddenfocus="true">Control.HasFocus(141)</visible>
				<control type="label" id="140">
					<font></font>
				</control>
  			<control type="label">
  				<left>0</left>
  				<top>588</top>
  				<width>1000</width>
  				<height>30</height>
  				<font>FontSize_22</font>
  				<textcolor>homeinfo</textcolor>
  				<label>$INFO[Container(141).ListItem.Property(TvShowTitle),, ]$INFO[Container(141).ListItem..Property(Season),,x]$INFO[Container(141).ListItem.Property(Episode)]$INFO[Container(141).ListItem.Property(Premiered), • $LOCALIZE[31003] ]</label>
  				<!-- <label>$INFO[Container(141).ListItem.Property(Premiered),$LOCALIZE[31003] ]$INFO[Container(141).ListItem.Property(Rating), • ,]$INFO[Container(141).ListItem.Property(Duration), • , $LOCALIZE[12391]]</label> -->
  			</control>
				<control type="fixedlist" id="141">
					<left>0</left>
					<top>387</top>
					<width>1190</width>
					<height>256</height>
					<onleft>141</onleft>
					<onright>141</onright>
          <onup>SetProperty(Movement,1)</onup>
		      <onup>121</onup>
          <ondown>ClearProperty(Movement)</ondown>
		      <ondown>151</ondown>
	        <preloaditems>4</preloaditems>
				  <focusposition>0</focusposition>
				  <orientation>horizontal</orientation>
          <scrolltime tween="Quadratic" easing="out">300</scrolltime>
					<itemlayout height="256" width="239.4">
						<include>HomeWidgets_Landsacape_ItemLayout</include>
						<include>GlobalSearch_UnWatchedLandscape</include>
					</itemlayout>
					<focusedlayout height="256" width="239.4">
						<include>HomeWidgets_Landsacape_Focusedlayout</include>
						<include>GlobalSearch_UnWatchedLandscape</include>
					</focusedlayout>
				</control>
				<include>GlobalSearch_NavigationArrows</include>
			</control>

			<!-- Music Videos -->
			<control type="group" id="159">
				<left>45</left>
				<include>GlobalSearchEffect_MusicVideos</include>
    		<include>GlobalSearch_LabelAndMore</include>
    		<visible allowhiddenfocus="true">Control.HasFocus(151)</visible>
				<control type="label" id="150">
					<font></font>
				</control>
  			<control type="label">
  				<left>0</left>
  				<top>588</top>
  				<width>1000</width>
  				<height>30</height>
  				<font>FontSize_22</font>
  				<textcolor>homeinfo</textcolor>
  				<label>$INFO[Container(151).ListItem.Property(Year)]$INFO[Container(151).ListItem.Property(Rating), • ]$INFO[Container(151).ListItem.Property(Duration), • , $LOCALIZE[12391]]</label>
  			</control>
				<control type="fixedlist" id="151">
					<left>0</left>
					<top>387</top>
					<width>1190</width>
					<height>256</height>
					<onleft>151</onleft>
					<onright>151</onright>
          <onup>SetProperty(Movement,1)</onup>
		      <onup>141</onup>
          <ondown>ClearProperty(Movement)</ondown>
		      <ondown>161</ondown>
	        <preloaditems>4</preloaditems>
				  <focusposition>0</focusposition>
				  <orientation>horizontal</orientation>
          <scrolltime tween="Quadratic" easing="out">300</scrolltime>
					<itemlayout height="256" width="239.4">
						<include>HomeWidgets_Landsacape_ItemLayout</include>
						<include>GlobalSearch_UnWatchedLandscape</include>
					</itemlayout>
					<focusedlayout height="256" width="239.4">
						<include>HomeWidgets_Landsacape_Focusedlayout</include>
						<include>GlobalSearch_UnWatchedLandscape</include>
					</focusedlayout>
				</control>
				<include>GlobalSearch_NavigationArrows</include>
			</control>

			<!-- Artists -->
			<control type="group" id="169">
				<left>45</left>
				<include>GlobalSearchEffect_Artists</include>
    		<include>GlobalSearch_LabelAndMore</include>
    		<visible allowhiddenfocus="true">Control.HasFocus(161)</visible>
				<control type="label" id="160">
					<font></font>
				</control>
  			<control type="label">
  				<left>0</left>
  				<top>588</top>
  				<width>1000</width>
  				<height>30</height>
  				<font>FontSize_22</font>
  				<textcolor>homeinfo</textcolor>
  				<label>$INFO[Container(161).ListItem.Property(Artist_Genre),, • ]$INFO[Container(161).ListItem.Property(Artist_YearsActive),$LOCALIZE[21898] ]</label>
  				<visible>!String.IsEmpty(Container(161).ListItem.Property(Artist_YearsActive))</visible>
  			</control>
  			<control type="label">
  				<left>0</left>
  				<top>588</top>
  				<width>1000</width>
  				<height>30</height>
  				<font>FontSize_22</font>
  				<textcolor>homeinfo</textcolor>
  				<label>$INFO[Container(161).ListItem.Property(Artist_Genre)]</label>
  				<visible>String.IsEmpty(Container(161).ListItem.Property(Artist_YearsActive))</visible>
  			</control>
				<control type="fixedlist" id="161">
					<left>0</left>
					<top>332</top>
					<width>1190</width>
					<height>256</height>
					<onleft>161</onleft>
					<onright>161</onright>
          <onup>SetProperty(Movement,1)</onup>
		      <onup>151</onup>
          <ondown>ClearProperty(Movement)</ondown>
		      <ondown>171</ondown>
	        <preloaditems>4</preloaditems>
				  <focusposition>0</focusposition>
				  <orientation>horizontal</orientation>
          <scrolltime tween="Quadratic" easing="out">300</scrolltime>
					<itemlayout height="256" width="199.5">
						<include>HomeWidgets_Square_ItemLayout</include>
					</itemlayout>
					<focusedlayout height="256" width="199.5">
						<include>HomeWidgets_Square_Focusedlayout</include>
					</focusedlayout>
				</control>
				<include>GlobalSearch_NavigationArrows</include>
			</control>

			<!-- Albums -->	
			<control type="group" id="179">
				<left>45</left>
				<include>GlobalSearchEffect_Albums</include>
    		<include>GlobalSearch_LabelAndMore</include>
    		<visible allowhiddenfocus="true">Control.HasFocus(171)</visible>
				<control type="label" id="170">
					<font></font>
				</control>
  			<control type="label">
  				<left>0</left>
  				<top>588</top>
  				<width>1000</width>
  				<height>30</height>
  				<font>FontSize_22</font>
  				<textcolor>homeinfo</textcolor>
  				<label>$INFO[Container(171).ListItem.Property(Year)]$INFO[Container(171).ListItem.Property(Album_label), • ]</label>
  			</control>
				<control type="fixedlist" id="171">
					<left>0</left>
					<top>332</top>
					<width>1190</width>
					<height>256</height>
					<onleft>171</onleft>
					<onright>171</onright>
          <onup>SetProperty(Movement,1)</onup>
		      <onup>161</onup>
          <ondown>ClearProperty(Movement)</ondown>
		      <ondown>181</ondown>
	        <preloaditems>4</preloaditems>
				  <focusposition>0</focusposition>
				  <orientation>horizontal</orientation>
          <scrolltime tween="Quadratic" easing="out">300</scrolltime>
					<itemlayout height="256" width="199.5">
						<include>HomeWidgets_Square_ItemLayout</include>
					</itemlayout>
					<focusedlayout height="256" width="199.5">
						<include>HomeWidgets_Square_Focusedlayout</include>
					</focusedlayout>
				</control>
				<include>GlobalSearch_NavigationArrows</include>
			</control>

			<!-- Songs -->	
			<control type="group" id="189">
				<left>45</left>
				<include>GlobalSearchEffect_Songs</include>
    		<include>GlobalSearch_LabelAndMore</include>
    		<visible allowhiddenfocus="true">Control.HasFocus(181)</visible>
				<control type="label" id="180">
					<font></font>
				</control>
  			<control type="label">
  				<left>0</left>
  				<top>588</top>
  				<width>1000</width>
  				<height>30</height>
  				<font>FontSize_22</font>
  				<textcolor>homeinfo</textcolor>
					<label>$INFO[Container(181).ListItem.Property(Album)]$INFO[Container(181).ListItem.Property(Artist), - ,]</label>
  			</control>
				<control type="fixedlist" id="181">
					<left>0</left>
					<top>332</top>
					<width>1190</width>
					<height>256</height>
					<onleft>181</onleft>
					<onright>181</onright>
          <onup>SetProperty(Movement,1)</onup>
		      <onup>171</onup>
          <ondown>ClearProperty(Movement)</ondown>
		      <ondown>111</ondown>
	        <preloaditems>4</preloaditems>
				  <focusposition>0</focusposition>
				  <orientation>horizontal</orientation>
          <scrolltime tween="Quadratic" easing="out">300</scrolltime>
					<itemlayout height="256" width="199.5">
						<include>HomeWidgets_Square_ItemLayout</include>
					</itemlayout>
					<focusedlayout height="256" width="199.5">
						<include>HomeWidgets_Square_Focusedlayout</include>
					</focusedlayout>
				</control>
				<include>GlobalSearch_NavigationArrows</include>
			</control>
	  </control>

		<include>CommonDialogsFadeOutBG</include>

		<!-- ================ -->
		<!-- Top Content Info -->
		<!-- ================ -->
		<control type="group">
			<left>45</left>
			<top>25</top>
  		    <include>ShutdownMenuAnimation</include>
            <include>OptionsTopMenuAnimation</include>
            <include>OptionsTopMenuHeader</include>            
			<visible>!Window.IsActive(script-globalsearch-infodialog.xml) + !Window.IsActive(PlayerControls) + !Window.IsActive(Favourites)</visible>
			<control type="grouplist">
				<left>0</left>
				<top>0</top>
				<height>70</height>
				<width>1000</width>
				<align>left</align>
				<itemgap>15</itemgap>
				<orientation>horizontal</orientation>
	      <include>LogoBig</include>
				<control type="label">
				  <include>TopBigLabel</include>
				  <label>$LOCALIZE[284]</label>
					<visible>Control.IsVisible(199)</visible>
				</control>
				<control type="label">
				  <include>TopBigLabel</include>
					<label>$LOCALIZE[283]:</label>
				  <visible>String.IsEmpty(Control.GetLabel(190)) + !Control.IsVisible(199)</visible>
				</control>
				<control type="label">
				  <include>TopBigLabel</include>
					<label>$VAR[GlobalSearchResults_LabelTwo] $VAR[GlobalSearchResults_LabelOne]</label>
				  <visible>String.IsEmpty(Control.GetLabel(190)) + !Control.IsVisible(199)</visible>
				</control>
				<control type="label">
					<label>$LOCALIZE[194] [COLOR=$VAR[Text.GlobalColor]]$INFO[Control.GetLabel(191)][/COLOR]</label>
				  <include>TopBigLabel</include>
				  <visible>!String.IsEmpty(Control.GetLabel(190))</visible>
				</control>
			</control>
			<control type="label">
				<description>Page Count Label</description>
				<left>66</left>
				<top>45</top>
				<width>1000</width>
				<height>20</height>
				<font>FontSize_18</font>
				<textcolor>$VAR[Text.GlobalColor]</textcolor>
			  <shadowcolor>77000000</shadowcolor>
				<scroll>false</scroll>
				<label>$VAR[GlobalSearch_ContainerNumItems]</label>
			</control>
		</control>

		<control type="button" id="198">
			<!-- Hide this Control and use the list to pass the label -->
			<left>2000</left>
			<top>2000</top>
		</control>
		<control type="label" id="199">
			<!-- Hide this Control and use the list to pass the label -->
			<left>2000</left>
			<top>2000</top>
		</control>
		<control type="label" id="190">
			<!-- Hide this Control and use the list to pass the label -->
			<visible>false</visible>
		</control>
		<control type="label" id="191">
			<!-- Hide this Control and use the list to pass the label -->
			<visible>false</visible>
		</control>

		<control type="group">
			<left>25</left>
			<top>45</top>
			<include>OpenCloseSlideAnimation</include>
		    <include>VisibleHiddenSlideAnimation</include>
		    <include>WeatherAndClock</include>
			<visible>!Window.IsActive(script-globalsearch-infodialog.xml)</visible>
		</control>
	 </control>
	</controls>
</window>
