<?xml version="1.0" encoding="UTF-8"?>
<window  id="7">
	<defaultcontrol always="true">95</defaultcontrol>
  <backgroundcolor/>
	<controls>
		<include>BackgroundItems</include>
		
	<control type="group">
        <include>CommonViews_VerticalAnimation</include>
        <include>VisibleHiddenSlideAnimation</include>
        <include>InfoDialogsVisible_ZoomAnimation</include>
		<visible>!Window.IsActive(BusyDialog) + !Window.IsActive(ProgressDialog)</visible>
		<control type="image">
			<left>84</left>
			<top>133</top>
			<width>1115</width>
			<height>489</height>
			<aspectratio>stretch</aspectratio>
		  <texture border="59">views/other/panel.png</texture>
		</control>
		<control type="image">
		  <include>FullscreenDimensions</include>
		  <texture background="true">windows/settings/systeminfo_separators.png</texture>
		</control>

		<control type="group">
			<left>96</left>
			<top>145</top>
  		<control type="image">
      	<left>-6</left>
      	<top>-6</top>
  			<width>307</width>
  			<height>412</height>
  		  <texture border="49">thumbs/thumb_border.png</texture>
  		</control>
			<control type="grouplist" id="9001">
				<left>0</left>
				<top>0</top>
				<width>295</width>
				<height>400</height>
				<itemgap>0</itemgap>
				<onleft>noop</onleft>
				<onright condition="Control.HasFocus(100)">60</onright>
				<onup>9001</onup>
				<ondown>9001</ondown>
				<control type="button" id="95">
					<description>Summary</description>
	    		<include>SettingsButtonLeft</include>
					<label>20037</label>
				</control>
				<control type="button" id="94">
					<description>Storage</description>
	    		<include>SettingsButtonLeft</include>
					<label>13277</label>
				</control>
				<control type="button" id="96">
					<description>Network</description>
	    		<include>SettingsButtonLeft</include>
					<label>13279</label>
				</control>
				<control type="button" id="97">
					<description>Video</description>
	    		<include>SettingsButtonLeft</include>
					<label>13280</label>
				</control>
				<control type="button" id="98">
					<description>Button Hardware</description>
	    		<include>SettingsButtonLeft</include>
					<label>13281</label>
				</control>
				<control type="button" id="99">
					<description>PVR</description>
	    		<include>SettingsButtonLeft</include>
					<label>19191</label>
				</control>
				<control type="button" id="100">
					<description>Privacy Policy</description>
	    		<include>SettingsButtonLeft</include>
					<label>12389</label>
				</control>
			</control>
  		<control type="image">
      	<left>301</left>
      	<top>-6</top>
  			<width>796</width>
  			<height>412</height>
  		  <texture border="49">thumbs/thumb_border.png</texture>
  		</control>
			<control type="grouplist">
				<left>322</left>
				<top>5</top>
				<width>782</width>
				<height>400</height>
				<itemgap>0</itemgap>
				<visible>!Control.HasFocus(200) + !Control.HasFocus(210)</visible>
				<control type="label" id="2">
					<description>Label 2</description>
					<width>762</width>
					<height>38</height>
			    <font>FontSize_20</font>
					<textcolor>77ffffff</textcolor>
					<align>left</align>
					<aligny>center</aligny>
					<label></label>
				</control>
				<control type="label" id="3">
					<description>Label 3</description>
					<width>762</width>
					<height>38</height>
			    <font>FontSize_20</font>
					<textcolor>77ffffff</textcolor>
					<align>left</align>
					<aligny>center</aligny>
					<label></label>
				</control>
				<control type="label" id="4">
					<description>Label 4</description>
					<width>762</width>
					<height>38</height>
			    <font>FontSize_20</font>
					<textcolor>77ffffff</textcolor>
					<align>left</align>
					<aligny>center</aligny>
					<label></label>
				</control>
				<control type="label" id="5">
					<description>Label 5</description>
					<width>762</width>
					<height>38</height>
			    <font>FontSize_20</font>
					<textcolor>77ffffff</textcolor>
					<align>left</align>
					<aligny>center</aligny>
					<label></label>
				</control>
				<control type="label" id="6">
					<description>Label 6</description>
					<width>762</width>
					<height>38</height>
			    <font>FontSize_20</font>
					<textcolor>77ffffff</textcolor>
					<align>left</align>
					<aligny>center</aligny>
					<label></label>
				</control>
				<control type="label" id="7">
					<description>Label 7</description>
					<width>762</width>
					<height>38</height>
			    <font>FontSize_20</font>
					<textcolor>77ffffff</textcolor>
					<align>left</align>
					<aligny>center</aligny>
					<label></label>
				</control>
				<control type="label" id="8">
					<description>Label 8</description>
					<width>762</width>
					<height>38</height>
			    <font>FontSize_20</font>
					<textcolor>77ffffff</textcolor>
					<align>left</align>
					<aligny>center</aligny>
					<label></label>
				</control>
				<control type="label" id="9">
					<description>Label 9</description>
					<width>762</width>
					<height>38</height>
			    <font>FontSize_20</font>
					<textcolor>77ffffff</textcolor>
					<align>left</align>
					<aligny>center</aligny>
					<label></label>
				</control>
				<control type="label" id="10">
					<description>Label 10</description>
					<width>762</width>
					<height>38</height>
			    <font>FontSize_20</font>
					<textcolor>77ffffff</textcolor>
					<align>left</align>
					<aligny>center</aligny>
					<label></label>
				</control>
				<control type="label" id="11">
					<description>Label 11</description>
					<width>762</width>
					<height>38</height>
			    <font>FontSize_20</font>
					<textcolor>77ffffff</textcolor>
					<align>left</align>
					<aligny>center</aligny>
					<label></label>
				</control>
			</control>
			<!-- Privacy Policy -->
			<control type="textbox" id="30">
				<left>322</left>
				<top>5</top>
				<width>770</width>
				<height>380</height>
				<font>FontSize_20</font>
				<textcolor>77ffffff</textcolor>
				<align>left</align>
				<pagecontrol>60</pagecontrol>
				<autoscroll time="2000" delay="10000" repeat="10000" />
			</control>
			<control type="scrollbar" id="60">
				<left>1095</left>
				<top>5</top>
				<width>3</width>
				<height>390</height>
				<texturesliderbackground/>
				<texturesliderbar border="0,14,0,14">views/scrollbar/scrollbar_pvr.png</texturesliderbar>
				<texturesliderbarfocus border="0,14,0,14">views/scrollbar/scrollbar_pvr.png</texturesliderbarfocus>
				<textureslidernib/>
				<textureslidernibfocus/>
				<onleft>100</onleft>
				<showonepage>false</showonepage>
				<orientation>vertical</orientation>
			  <animation effect="fade" start="100" end="0" time="250" condition="!Control.HasFocus(60)">Conditional</animation>
			</control>
		</control>

  	<control type="image">
  		<left>90</left>
  		<top>551</top>
  		<width>1103</width>
  		<height>65</height>
  	  <texture border="49,0,49,9">thumbs/thumb_border.png</texture>
  	</control>

	  <!-- ============================ -->
    <!-- == Header & Footer Labels == -->
	  <!-- ============================ -->
		<control type="label" id="40">
			<description>Hidden label to get the values</description>
			<visible>false</visible>
		</control>
		<control type="label">
			<description>Header Categories</description>
			<left>85</left>
			<top>90</top>
			<width>305</width>
			<height>40</height>
			<font>FontSize_34B</font>
			<align>right</align>
			<aligny>center</aligny>
			<textcolor>99ffffff</textcolor>
			<shadowcolor>99000000</shadowcolor>
			<label>$VAR[SettingsCategoryLabels]</label>
		</control>
		<control type="label">
			<description>Header Settings</description>
			<left>407</left>
			<top>90</top>
			<width>772</width>
			<height>40</height>
			<font>FontSize_34B</font>
			<align>left</align>
			<aligny>center</aligny>
			<textcolor>99ffffff</textcolor>
			<shadowcolor>99000000</shadowcolor>
			<label>$LOCALIZE[19033]</label>
		</control>
		<control type="label" id="52">
			<description>XBMC BUILD Version</description>
			<left>105</left>
			<top>565</top>
			<width>800</width>
			<height>35</height>
		  <textcolor>55ffffff</textcolor>
			<shadowcolor>99000000</shadowcolor>
			<font>FontSize_18B</font>
			<align>left</align>
			<scroll>false</scroll>
      <wrapmultiline>true</wrapmultiline>
			<label></label>
		</control>
		<control type="label">
			<description>CPU Usage</description>
			<left>105</left>
			<top>552</top>
			<width>1075</width>
			<height>40</height>
			<textcolor>55ffffff</textcolor>
			<shadowcolor>99000000</shadowcolor>
			<font>FontSize_18B</font>
			<align>right</align>
			<aligny>center</aligny>
			<label>$INFO[System.CPUUsage,$LOCALIZE[31323]: ]</label>
		</control>
		<control type="label">
			<description>CPU Usage</description>
			<left>105</left>
			<top>575</top>
			<width>1075</width>
			<height>40</height>
			<textcolor>55ffffff</textcolor>
			<shadowcolor>99000000</shadowcolor>
			<font>FontSize_18B</font>
			<align>right</align>
			<aligny>center</aligny>
			<label>$INFO[System.Memory(used.percent),$LOCALIZE[31027]: ]</label>
		</control>
    </control>
	    <include>CommonDialogsFadeOutBG</include>
	    <include>CommonNowPlaying</include>
	    <include>SettingsCategoryContentInfo</include>
	    <include>SettingsWeatherAndClock</include>
	</controls>
</window>
