<?xml version="1.0" encoding="UTF-8"?>
<window>
	<defaultcontrol always="true">7000</defaultcontrol>

	<onload condition="String.IsEmpty(Skin.String(FullScreenMusicStyle))">Skin.SetString(FullScreenMusicStyle,1)</onload>
	<onload condition="String.IsEmpty(Skin.String(FullScreenVideoStyle))">Skin.SetString(FullScreenVideoStyle,1)</onload>
	<onload condition="String.IsEmpty(Skin.String(DialogSeekBarStyle))">Skin.SetString(DialogSeekBarStyle,1)</onload>
  <onunload condition="!String.IsEmpty(Window.Property(resetbusy))">ClearProperty(resetbusy)</onunload>
	<controls>
	<include>BackgroundItems</include>
	<include>SnowBackground</include>
	<control type="group">
      <include>CommonViews_VerticalAnimation</include>
      <include>VisibleHiddenSlideAnimation</include>
      <include>InfoDialogsVisible_ZoomAnimation</include>
	  	<visible>!String.IsEqual(Window.Property(resetbusy),show) + !Window.IsActive(1113)</visible>
		<control type="image">
			<left>84</left>
			<top>133</top>
			<width>1115</width>
			<height>489</height>
			<aspectratio>stretch</aspectratio>
		  <texture border="39">views/other/panel.png</texture>
		</control>
		<control type="image">
		  <include>FullscreenDimensions</include>
		  <texture background="true">windows/settings/settings_separators.png</texture>
		</control>

		<!-- ======================== -->
		<!-- == Categories Buttons == -->
		<!-- ======================== -->
		<control type="group" id="7000">
			<left>96</left>
			<top>145</top>
  		<control type="image">
      	<left>-6</left>
      	<top>-6</top>
  			<width>307</width>
  			<height>412</height>
  		  <texture border="49">thumbs/thumb_border.png</texture>
  		</control>
			<control type="list" id="6000">
				<left>0</left>
				<top>0</top>
				<width>295</width>
				<height>400</height>
				<itemgap>0</itemgap>
				<onleft>5000</onleft>
				<onleft condition="Skin.HasSetting(EnableKioskMode)">6000</onleft>
				<onleft condition="!Skin.HasSetting(EnableKioskMode)">9000</onleft>
				<onright>5000</onright>
				<onup>6000</onup>
				<ondown>6000</ondown>
				<pagecontrol>615</pagecontrol>
				<scrolltime>300</scrolltime>
				<itemlayout height="50" width="295">
					<control type="label">
						<left>-15</left>
						<top>0</top>
						<width>295</width>
						<height>50</height>
				    <font>FontSize_20</font>
						<textcolor>77ffffff</textcolor>
						<align>right</align>
						<label>$INFO[ListItem.Label]</label>
					</control>
				</itemlayout>
				<focusedlayout height="50" width="295">
					<control type="image">
						<left>0</left>
						<top>0</top>
						<width>295</width>
						<height>50</height>
			      <texture border="1">windows/settings/settings_left_fo.png</texture>
            <animation effect="fade" start="100" end="50" time="0" condition="!Control.HasFocus(6000)">Conditional</animation>
					</control>
					<control type="label">
						<left>-15</left>
						<top>0</top>
						<width>295</width>
						<height>50</height>
				    <font>FontSize_20</font>
						<textcolor>white</textcolor>
						<align>right</align>
						<label>$INFO[ListItem.Label]</label>
					</control>
				</focusedlayout>
				<content>
					<!-- Home Window -->
					<item id="1">
						<label>$LOCALIZE[513]</label>
						<onclick>noop</onclick>
					</item>
					<!-- Quick Nav -->
					<item id="2">
						<label>$LOCALIZE[31374]</label>
						<onclick>noop</onclick>
					</item>
				  <!-- General Options -->
					<item id="3">
						<label>$LOCALIZE[31054]</label>
						<onclick>noop</onclick>
					</item>
				  <!-- Backgrounds -->
					<item id="4">
						<label>$LOCALIZE[33069]</label>
						<onclick>noop</onclick>
					</item>
					<!-- Colours -->
					<item id="5">
						<label>$LOCALIZE[14078]</label>
						<onclick>noop</onclick>
					</item>
				  <!-- Views -->
					<item id="6">
						<label>$LOCALIZE[31158]</label>
						<onclick>noop</onclick>
					</item>
				  <!-- Addons Options-->
					<item id="7">
						<label>$LOCALIZE[31055]</label>
						<onclick>noop</onclick>
					</item>
				  <!-- Addons Supported -->
					<item id="8">
						<label>$LOCALIZE[31091]</label>
						<onclick>noop</onclick>
					</item>
					<!-- Bello Nero -->
					<item id="9">
						<label>$LOCALIZE[31015]</label>
						<onclick>noop</onclick>
					</item>
				</content>
			</control>

			<control type="group" id="5000">
				<left>307</left>
				<top>0</top>
    		<control type="image">
        <left>-6</left>
        <top>-6</top>
    		<width>796</width>
    		<height>412</height>
    		<texture border="49">thumbs/thumb_border.png</texture>
    	</control>

			<!-- ================= -->
			<!-- == Home Window == -->
			<!-- ================= -->
			<control type="grouplist" id="5200">
				<include>CloseAnimation</include>
				<visible>Container(6000).Hasfocus(1)</visible>
				<left>0</left>
				<top>0</top>
				<width>784</width>
				<height>400</height>
				<itemgap>0</itemgap>
				<pagecontrol>60</pagecontrol>
				<onleft>6000</onleft>
				<onright>6000</onright>
				<onup>5200</onup>
				<ondown>5200</ondown>
			  <!-- Customize Home Menu -->
				<control type="button" id="5201">
					<description>Customize Home Menu</description>
	        <include>SettingsRadioButton</include>
			    <label>$LOCALIZE[31010]</label>
					<onclick>RunScript(script.skinshortcuts,type=manage&amp;nolabels=True&amp;group=mainmenu)</onclick>
					<enable>System.HasAddon(script.skinshortcuts)</enable>
				</control>
				<control type="radiobutton" id="5202">
		    <visible>false</visible>
				</control>
			  <!-- Hide HomeMenu ExtraInfo -->
				<control type="radiobutton" id="5203">
					<description>Hide HomeMenu ExtraInfo</description>
	        <include>SettingsRadioButton</include>
					<label>$LOCALIZE[31161]</label>
					<onclick>Skin.ToggleSetting(HideExtraInfo)</onclick>
					<selected>Skin.HasSetting(HideExtraInfo)</selected>
				</control>
			  <!-- Hide Home Info Title Fanart -->
				<control type="radiobutton" id="5204">
					<description>Hide Home Info Title Fanart</description>
	        <include>SettingsRadioButton</include>
					<label>31102</label>
					<onclick>Skin.ToggleSetting(HideHomeTitleInfofanart)</onclick>
					<selected>Skin.HasSetting(HideHomeTitleInfofanart)</selected>
				</control>
	      <!-- NERO MOD -->
		    <include>NeroSkinSettings</include>
		  </control>

			<!-- ====================== -->
			<!-- == Quick Navigation == -->
			<!-- ====================== -->
			<control type="grouplist" id="5600">
				<include>CloseAnimation</include>
				<visible>Container(6000).Hasfocus(2)</visible>
				<left>0</left>
				<top>0</top>
				<width>784</width>
				<height>400</height>
				<itemgap>0</itemgap>
				<pagecontrol>60</pagecontrol>
				<onleft>6000</onleft>
				<onright>6000</onright>
				<onup>5600</onup>
				<ondown>5600</ondown>
				<control type="radiobutton" id="5601">
	        <include>SettingsRadioButton</include>
					<label>31375</label>
					<onclick>Skin.ToggleSetting(DisableQuickNav)</onclick>
					<selected>Skin.HasSetting(DisableQuickNav)</selected>
				</control>
				<control type="button" id="5602">
					<description>Default QuickNav Buttons</description>
	        <include>SettingsButton</include>
					<label>$LOCALIZE[31376]</label>
	        <onclick>SetProperty(ManageButtons,defualtquicknav)</onclick>
					<onclick>ActivateWindow(1118)</onclick>
					<visible>!Skin.HasSetting(DisableQuickNav)</visible>
				</control>
				<control type="button" id="5603">
	        <include>SettingsButton</include>
					<label>$LOCALIZE[31093]</label>
	        <label2>[COLOR=$VAR[Text.GlobalColor]]$VAR[QuickNav_WidgetName][/COLOR]</label2>
					<onclick>$VAR[QuickNav_Select_WidgetName]</onclick>
	        <visible>!Skin.HasSetting(DisableQuickNav)</visible>
				</control>
				<control type="button" id="5604">
					<description>Custom Items Button</description>
	        <include>SettingsButton</include>
					<label>$LOCALIZE[31377]</label>
					<onclick>ActivateWindow(1119)</onclick>
					<visible>String.IsEqual(Skin.String(QuickNavWidgetType),4) + !Skin.HasSetting(DisableQuickNav)</visible>
				</control>
				<control type="button" id="5605">
	        <include>SettingsButton</include>
					<label>$LOCALIZE[31094]</label>
					<label2>[COLOR=$VAR[Text.GlobalColor]]$VAR[QuickNav_WidgetNameMovies][/COLOR]</label2>
					<onclick>$VAR[QuickNav_Select_WidgetNameMovies]</onclick>
	        <visible>!Skin.HasSetting(DisableQuickNav)</visible>
				</control>
				<control type="button" id="5606">
	        <include>SettingsButton</include>
					<label>$LOCALIZE[31095]</label>
					<label2>[COLOR=$VAR[Text.GlobalColor]]$VAR[QuickNav_WidgetNameTVShows][/COLOR]</label2>
					<onclick>$VAR[QuickNav_Select_WidgetNameTVShows]</onclick>
	        <visible>!Skin.HasSetting(DisableQuickNav)</visible>
				</control>
				<control type="button" id="5607">
	        <include>SettingsButton</include>
					<label>$LOCALIZE[31096]</label>
					<label2>[COLOR=$VAR[Text.GlobalColor]]$VAR[QuickNav_WidgetNameMusic][/COLOR]</label2>
					<onclick>$VAR[QuickNav_Select_WidgetNameMusic]</onclick>
	        <visible>!Skin.HasSetting(DisableQuickNav)</visible>
				</control>
			</control>

			<!-- ============= -->
			<!-- == General Options == -->
			<!-- ============= -->
			<control type="grouplist" id="5100">
				<include>CloseAnimation</include>
				<visible>Container(6000).Hasfocus(3)</visible>
				<left>0</left>
				<top>0</top>
				<width>784</width>
				<height>400</height>
				<itemgap>0</itemgap>
				<pagecontrol>60</pagecontrol>
				<onleft>6000</onleft>
				<onright>6000</onright>
				<onup>5100</onup>
				<ondown>5100</ondown>
		<control type="radiobutton" id="3006">
				<include>SettingsRadioButton</include>
				<label>$LOCALIZE[31448]</label>
				<onclick>Skin.Togglesetting(MakeItSnow)</onclick>
				<selected>Skin.HasSetting(MakeItSnow)</selected>
		</control>
		  <control type="radiobutton" id="5101">
        <include>SettingsRadioButton</include>
				<label>20189</label>
				<onclick>Skin.ToggleSetting(AutoScroll)</onclick>
				<selected>Skin.HasSetting(AutoScroll)</selected>
			</control>
<!--
      <control type="radiobutton" id="5102">
	      <include>SettingsRadioButton</include>
		  	<label>21398</label>
		  	<onclick>Skin.Reset(Startup_Playlist_Path)</onclick>
		  	<onclick>Skin.ToggleSetting(Use_Startup_Playlist)</onclick>
		  	<selected>Skin.HasSetting(Use_Startup_Playlist)</selected>
		  </control>
		  <control type="button" id="5103">
	      <include>SettingsButton</include>
		  	<label> • $LOCALIZE[15311]</label>
		  	<label2>$INFO[Skin.String(Startup_Playlist_Path)]</label2>
        <onclick>Skin.SetFile(Startup_Playlist_Path,.m3u|.xsp,special://profile/playlists/)</onclick>
		  	<visible>Skin.HasSetting(Use_Startup_Playlist)</visible>
		  </control>
-->
      <control type="radiobutton" id="5104">
        <include>SettingsRadioButton</include>
				<label>31139</label>
				<onclick>Skin.ToggleSetting(EnableAddonsNotifications)</onclick>
				<selected>Skin.HasSetting(EnableAddonsNotifications)</selected>
			</control>
			<control type="radiobutton" id="5105">
        <include>SettingsRadioButton</include>
				<label>31140</label>
				<onclick>Skin.ToggleSetting(EnableWeatherAlertsNotifications)</onclick>
				<selected>Skin.HasSetting(EnableWeatherAlertsNotifications)</selected>
			</control>
			<control type="radiobutton" id="5106">
        <include>SettingsRadioButton</include>
				<label>31053</label>
				<onclick>Skin.ToggleSetting(EnableBGIconWeatherCond)</onclick>
				<selected>Skin.HasSetting(EnableBGIconWeatherCond)</selected>
			</control>
			<control type="radiobutton" id="5107">
        <include>SettingsRadioButton</include>
				<label>31051</label>
				<onclick>Skin.ToggleSetting(EnableStudioLabelImages)</onclick>
				<selected>Skin.HasSetting(EnableStudioLabelImages)</selected>
			</control>
			<control type="radiobutton" id="5108">
        <include>SettingsRadioButton</include>
				<label>31162</label>
				<onclick>Skin.ToggleSetting(EnableKioskMode)</onclick>
				<selected>Skin.HasSetting(EnableKioskMode)</selected>
			</control>
			<control type="radiobutton" id="5110">
        <include>SettingsRadioButton</include>
				<label>31151</label>
				<onclick>Skin.ToggleSetting(EnableGlobalRSS)</onclick>
				<selected>Skin.HasSetting(EnableGlobalRSS)</selected>
				<enable>System.Getbool(lookandfeel.enablerssfeeds)</enable>
			</control>
			<control type="radiobutton" id="5111">
        <include>SettingsRadioButton</include>
        <label>$LOCALIZE[31052]</label>
        <onclick>Skin.ToggleSetting(FullScreenMusic)</onclick>
        <selected>Skin.HasSetting(FullScreenMusic)</selected>
      </control>
			<!-- Select Color Lyrics -->
			<control type="button" id="5112">
				<description>Hide HomeMenu ExtraInfo</description>
		    <include>SettingsRadioButton</include>
			  <label>$LOCALIZE[31440]</label>
				<label2>[COLOR=$VAR[Text.GlobalColor]]$VAR[LabelColorLyricsSelect][/COLOR]</label2>
				<onclick>$VAR[ColorLyricsSelect]</onclick>
				<onclick>ReloadSkin()</onclick>
			</control>
			<control type="button" id="5113">
        <include>SettingsButton</include>
				<label>$LOCALIZE[31104]</label>
				<label2>[COLOR=$VAR[Text.GlobalColor]]$VAR[FullScreenMusicStyleName][/COLOR]</label2>
        <onclick condition="String.IsEqual(Skin.String(FullScreenMusicStyle),2)">Skin.SetString(FullScreenMusicStyle,1)</onclick>
        <onclick condition="String.IsEqual(Skin.String(FullScreenMusicStyle),1)">Skin.SetString(FullScreenMusicStyle,2)</onclick>
        <onclick condition="String.IsEqual(Skin.String(FullScreenMusicStyle),2)">Skin.SetString(FullScreenMusicStyle,1)</onclick>
			</control>
			<control type="button" id="5114">
	      <include>SettingsButton</include>
				<label>$LOCALIZE[31105]</label>
				<label2>[COLOR=$VAR[Text.GlobalColor]]$VAR[FullScreenVideoStyleName][/COLOR]</label2>
        <onclick condition="String.IsEqual(Skin.String(FullScreenVideoStyle),2)">Skin.SetString(FullScreenVideoStyle,1)</onclick>
        <onclick condition="String.IsEqual(Skin.String(FullScreenVideoStyle),1)">Skin.SetString(FullScreenVideoStyle,2)</onclick>
        <onclick condition="String.IsEqual(Skin.String(FullScreenVideoStyle),2)">Skin.SetString(FullScreenVideoStyle,1)</onclick>
			</control>
			<!-- ClearLogo ClearArt Select Video OSD Info -->
			<control type="button" id="5115">
	    	<include>SettingsButton</include>
				<label>$LOCALIZE[31436]</label>
        <label2>[COLOR=$VAR[Text.GlobalColor]]$VAR[LabelArtSelect][/COLOR]</label2>
				<onclick>$VAR[PlayerArtSelect]</onclick>
	      <enable>String.IsEqual(Skin.String(FullScreenVideoStyle),1)</enable>
			</control>
			<control type="button" id="5116">
        <include>SettingsButton</include>
        <label>$LOCALIZE[31110]</label>
        <label2>$INFO[Skin.String(MusicArtPath)]</label2>
        <onclick>Skin.SetPath(MusicArtPath)</onclick>
      </control>
      <control type="button" id="5117">
        <include>SettingsButton</include>
        <label>- $LOCALIZE[31111]</label>
        <onclick>Skin.Reset(MusicArtPath)</onclick>
        <visible>!String.IsEmpty(Skin.String(MusicArtPath))</visible>
      </control>
		</control>

		<!-- ================= -->
		<!-- == Backgrounds == -->
		<!-- ================= -->
		<control type="grouplist" id="5300">
			<include>CloseAnimation</include>
			<visible>Container(6000).Hasfocus(4)</visible>
			<left>0</left>
			<top>0</top>
			<width>784</width>
			<height>400</height>
			<itemgap>0</itemgap>
			<pagecontrol>60</pagecontrol>
			<onleft>6000</onleft>
			<onright>6000</onright>
			<onup>5300</onup>
			<ondown>5300</ondown>
			<control type="radiobutton" id="5301">
        <include>SettingsRadioButton</include>
				<label>31130</label>
				<onclick>Skin.ToggleSetting(HideBGFanart)</onclick>
				<selected>Skin.HasSetting(HideBGFanart)</selected>
			</control>
			<control type="radiobutton" id="5302">
        <include>SettingsRadioButton</include>
				<label>31132</label>
				<onclick>Skin.ToggleSetting(HideBGVideo)</onclick>
				<selected>Skin.HasSetting(HideBGVideo)</selected>
			</control>
		</control>

		<!-- ============= -->
		<!-- == Colours == -->
		<!-- ============= -->
		<control type="grouplist" id="5700">
		<include>CloseAnimation</include>
			<visible>Container(6000).Hasfocus(5)</visible>
			<left>0</left>
			<top>0</top>
			<width>784</width>
			<height>400</height>
			<itemgap>0</itemgap>
			<pagecontrol>60</pagecontrol>
			<onleft>6000</onleft>
			<onright>6000</onright>
			<onup>5700</onup>
			<ondown>5700</ondown>
			<!-- Focused Textures Colors -->
			<control type="button" id="5701">
        <include>SettingsButton</include>
				<label>$LOCALIZE[31126]</label>
        <onclick>SetProperty(CustomColor,textures)</onclick>
				<onclick>ActivateWindow(1113)</onclick>
			</control>
		  <!-- Highlighted Text Colours -->
			<control type="button" id="5702">
        <include>SettingsButton</include>
				<label>$LOCALIZE[31127]</label>
        <onclick>SetProperty(CustomColor,text)</onclick>
				<onclick>ActivateWindow(1113)</onclick>
			</control>
		  <!-- Diffuse BG Colours -->
			<control type="button" id="5703">
        <include>SettingsButton</include>
				<label>$LOCALIZE[31128]</label>
        <onclick>SetProperty(CustomColor,BG)</onclick>
				<onclick>ActivateWindow(1113)</onclick>
			</control>
		  <!-- Reset Colours -->
			<control type="button" id="5704">
        <include>SettingsButton</include>
				<label>$LOCALIZE[31129]</label>
				<onclick>Skin.Reset(Textures.GlobalColor)</onclick>
				<onclick>Skin.Reset(Text.GlobalColor)</onclick>
				<onclick>Skin.Reset(BG.GlobalColor)</onclick>
				<onclick>Skin.Reset(pulse_1)</onclick>
        <onclick>Skin.Reset(pulse_2)</onclick>
				<onclick>Skin.Reset(pulse_3)</onclick>
			</control>
		</control>

		<!-- =========== -->
		<!-- == Views == -->
		<!-- =========== -->
		<control type="grouplist" id="5400">
		  <include>CloseAnimation</include>
			<visible>Container(6000).Hasfocus(6)</visible>
			<left>0</left>
			<top>0</top>
			<width>784</width>
			<height>400</height>
			<itemgap>0</itemgap>
			<pagecontrol>60</pagecontrol>
			<onleft>6000</onleft>
			<onright>6000</onright>
			<onup>5400</onup>
			<ondown>5400</ondown>
			<!-- Video Views -->
			<control type="button" id="5401">
				<description>Hide Video Views</description>
        <include>SettingsButton</include>
				<label>$LOCALIZE[31156]</label>
        <onclick>SetProperty(ManageButtons,managevideoviews)</onclick>
				<onclick>ActivateWindow(1118)</onclick>
			</control>
		  <!-- Music Views -->
			<control type="button" id="5402">
				<description>Hide Music Views</description>
        <include>SettingsButton</include>
				<label>$LOCALIZE[31157]</label>
        <onclick>SetProperty(ManageButtons,managemusicviews)</onclick>
				<onclick>ActivateWindow(1118)</onclick>
			</control>
		</control>

		<!-- ============ -->
		<!-- == Addons == -->
		<!-- ============ -->
		<control type="grouplist" id="5500">
		  <include>CloseAnimation</include>
			<visible>Container(6000).Hasfocus(7)</visible>
			<left>0</left>
			<top>0</top>
			<width>784</width>
			<height>400</height>
			<itemgap>0</itemgap>
			<pagecontrol>60</pagecontrol>
			<onleft>6000</onleft>
			<onright>6000</onright>
			<onup>5500</onup>
			<ondown>5500</ondown>
			<control type="button" id="5501">
        <include>SettingsButton</include>
				<label>$LOCALIZE[31141]</label>
				<label2>[COLOR=$VAR[Text.GlobalColor]]$INFO[system.addontitle(Skin.String(LyricScript_Path))][/COLOR]</label2>
				<onclick>Skin.SetAddon(LyricScript_Path,xbmc.python.lyrics)</onclick>
			</control>
			<control type="button" id="5502">
        <include>SettingsButton</include>
				<label> • $LOCALIZE[10140]</label>
				<onclick>Addon.OpenSettings($INFO[Skin.String(LyricScript_Path)])</onclick>
				<visible>!String.IsEmpty(Skin.String(LyricScript_Path))</visible>
			</control>
			<control type="radiobutton" id="5505">
        <include>SettingsRadioButton</include>
				<label>$LOCALIZE[31101]</label>
				<onclick>Skin.ToggleSetting(AutocompletionKBEnabled)</onclick>
				<selected>Skin.HasSetting(AutocompletionKBEnabled)</selected>
				<enable>System.HasAddon(plugin.program.autocompletion)</enable>
			</control>
			<control type="radiobutton" id="5507">
        <include>SettingsRadioButton</include>
				<label>$LOCALIZE[31143]</label>
				<onclick>Skin.ToggleSetting(NextAiredEnabled)</onclick>
				<selected>Skin.HasSetting(NextAiredEnabled)</selected>
				<enable>System.HasAddon(script.tv.show.next.aired)</enable>
			</control>
			<control type="button" id="5508">
        <include>SettingsButton</include>
				<label> • $LOCALIZE[10140]</label>
        <onclick>Addon.OpenSettings(script.tv.show.next.aired)</onclick>
        <visible>Skin.HasSetting(NextAiredEnabled)</visible>
			</control>
			<control type="radiobutton" id="5509">
        <include>SettingsRadioButton</include>
				<label> • $LOCALIZE[31137]</label>
				<onclick>Skin.ToggleSetting(EnableNextAiredNotifications)</onclick>
				<selected>!Skin.HasSetting(EnableNextAiredNotifications)</selected>
        <visible>Skin.HasSetting(NextAiredEnabled)</visible>
			</control>
			<control type="button" id="5510">
        <visible>false</visible>
			</control>
			<control type="button" id="5511">
        <visible>false</visible>
			</control>
			<control type="button" id="5513">
        <visible>false</visible>
			</control>
			<control type="radiobutton" id="5514">
        <visible>false</visible>
			</control>
			<control type="button" id="5515">
        <visible>false</visible>
			</control>
		</control>

		<!-- ====================== -->
		<!-- == Supported Addons == -->
		<!-- ====================== -->
		<control type="grouplist" id="5800">
			<include>CloseAnimation</include>
			<visible>Container(6000).Hasfocus(8)</visible>
			<left>0</left>
			<top>0</top>
			<width>784</width>
			<height>400</height>
			<itemgap>0</itemgap>
			<pagecontrol>60</pagecontrol>
			<onleft>6000</onleft>
			<onright>6000</onright>
			<onup>5800</onup>
			<ondown>5800</ondown>
			<control type="button" id="5801">
        <include>SettingsButton</include>
				<label>script.skinshortcuts [COLOR=55white]($LOCALIZE[31142])[/COLOR]</label>
				<label2>$VAR[StatusSkinShortcuts]</label2>
				<onclick condition="System.HasAddon(script.skinshortcuts)">Addon.OpenSettings(script.skinshortcuts)</onclick>
				<onclick condition="!System.HasAddon(script.skinshortcuts)">InstallAddon(script.skinshortcuts)</onclick>
			</control>
			<control type="button" id="5802">
        <include>SettingsButton</include>
				<label>script.extendedinfo [COLOR=55white]($LOCALIZE[31142])[/COLOR]</label>
				<label2>$VAR[StatusExtendedInfo]</label2>
				<onclick condition="System.HasAddon(script.extendedinfo)">Addon.OpenSettings(script.extendedinfo)</onclick>
				<onclick condition="!System.HasAddon(script.extendedinfo)">InstallAddon(plugin://script.extendedinfo)</onclick>
			</control>
			<control type="button" id="5803">
				<include>SettingsButton</include>
				<label>script.skin.helper.service [COLOR=55white]($LOCALIZE[31142])[/COLOR]</label>
				<label2>$VAR[StatusSkinHelperService]</label2>
				<onclick condition="System.HasAddon(script.skin.helper.service)">Addon.OpenSettings(script.skin.helper.service)</onclick>
				<onclick condition="!System.HasAddon(script.skin.helper.service)">InstallAddon(script.skin.helper.service)</onclick>
			</control>
			<control type="button" id="5804">
				<include>SettingsButton</include>
				<label>service.library.data.provider [COLOR=55white]($LOCALIZE[31142])[/COLOR]</label>
				<label2>$VAR[StatusLibraryDataProvider]</label2>
				<onclick condition="System.HasAddon(service.library.data.provider)">Addon.OpenSettings(service.library.data.provider)</onclick>
				<onclick condition="!System.HasAddon(service.library.data.provider)">InstallAddon(service.library.data.provider)</onclick>
			</control>
			<control type="button" id="5805">
				<include>SettingsButton</include>
				<label>script.skin.helper.widgets [COLOR=55white]($LOCALIZE[31142])[/COLOR]</label>
				<label2>$VAR[StatusSkinHelperWidgets]</label2>
				<onclick condition="System.HasAddon(script.skin.helper.widgets)">Addon.OpenSettings(script.skin.helper.widgets)</onclick>
				<onclick condition="!System.HasAddon(script.skin.helper.widgets)">InstallAddon(script.skin.helper.widgets)</onclick>
			</control>
			<control type="button" id="5806">
				<include>SettingsButton</include>
				<label>script.grab.fanart [COLOR=55white]($LOCALIZE[31142])[/COLOR]</label>
				<label2>$VAR[StatusGrab.fanart]</label2>
				<onclick condition="System.HasAddon(script.grab.fanart)">Addon.OpenSettings(script.grab.fanart)</onclick>
				<onclick condition="!System.HasAddon(script.grab.fanart)">InstallAddon(script.grab.fanart)</onclick>
			</control>
			<control type="button" id="5807">
				<include>SettingsButton</include>
				<label>service.smartish.widgets</label>
				<label2>$VAR[StatusSmartishWidgets]</label2>
				<onclick condition="System.HasAddon(service.smartish.widgets)">Addon.OpenSettings(service.smartish.widgets)</onclick>
				<onclick condition="!System.HasAddon(service.smartish.widgets)">InstallAddon(service.smartish.widgets)</onclick>
			</control>
			<control type="button" id="5808">
				<include>SettingsButton</include>
				<label>script.tv.show.next.aired</label>
				<label2>$VAR[StatusTVShowNextAired]</label2>
				<onclick condition="System.HasAddon(script.tv.show.next.aired)">Addon.OpenSettings(script.tv.show.next.aired)</onclick>
				<onclick condition="!System.HasAddon(script.tv.show.next.aired)">InstallAddon(script.tv.show.next.aired)</onclick>
			</control>
			<control type="button" id="5809">
				<include>SettingsButton</include>
				<label>script.artistslideshow</label>
				<label2>$VAR[StatusArtistSlideshow]</label2>
				<onclick condition="System.HasAddon(script.artistslideshow)">Addon.OpenSettings(script.artistslideshow)</onclick>
				<onclick condition="!System.HasAddon(script.artistslideshow)">InstallAddon(script.artistslideshow)</onclick>
			</control>
			<control type="button" id="5810">
				<include>SettingsButton</include>
				<label>script.globalsearch</label>
				<label2>$VAR[StatusGlobalSearch]</label2>
				<onclick condition="System.HasAddon(script.globalsearch)">Addon.OpenSettings(script.globalsearch)</onclick>
				<onclick condition="!System.HasAddon(script.globalsearch)">InstallAddon(script.globalsearch)</onclick>
			</control>
			<control type="button" id="5811">
				<include>SettingsButton</include>
				<label>script.module.t9.search</label>
				<label2>$VAR[StatusT9Search]</label2>
				<onclick condition="System.HasAddon(script.module.t9.search)">Addon.OpenSettings(script.module.t9.search)</onclick>
				<onclick condition="!System.HasAddon(script.module.t9.search)">InstallAddon(script.module.t9.search)</onclick>
			</control>
			<control type="button" id="5812">
				<include>SettingsButton</include>
				<label>plugin.program.autocompletion</label>
				<label2>$VAR[StatusAutoCompletion]</label2>
				<onclick condition="System.HasAddon(plugin.program.autocompletion)">Addon.OpenSettings(plugin.program.autocompletion)</onclick>
				<onclick condition="!System.HasAddon(plugin.program.autocompletion)">InstallAddon(plugin.program.autocompletion)</onclick>
			</control>
			<control type="button" id="5813">
				<include>SettingsButton</include>
				<label>script.cu.lrclyrics</label>
				<label2>$VAR[StatusCULRCLyrics]</label2>
				<onclick condition="System.HasAddon(script.cu.lrclyrics)">Addon.OpenSettings(script.cu.lrclyrics)</onclick>
				<onclick condition="!System.HasAddon(script.cu.lrclyrics)">InstallAddon(script.cu.lrclyrics)</onclick>
			</control>
			<control type="button" id="5814">
				<include>SettingsButton</include>
				<label>service.upnext</label>
				<label2>$VAR[StatusUpNext]</label2>
				<onclick condition="System.HasAddon(service.upnext)">Addon.OpenSettings(service.upnext)</onclick>
				<onclick condition="!System.HasAddon(service.upnext)">InstallAddon(service.upnext)</onclick>
			</control>
<!--
			<control type="button" id="5815">
				<include>SettingsButton</include>
				<label>service.audio.profiles</label>
				<label2>$VAR[StatusAudioProfiles]</label2>
				<onclick condition="System.HasAddon(service.audio.profiles)">Addon.OpenSettings(service.audio.profiles)</onclick>
				<onclick condition="!System.HasAddon(service.audio.profiles)">InstallAddon(service.audio.profiles)</onclick>
			</control>
			<control type="button" id="5816">
				<include>SettingsButton</include>
				<label>script.playalbum</label>
				<label2>$VAR[StatusPlayAlbum]</label2>
				<onclick condition="System.HasAddon(script.playalbum)">Addon.OpenSettings(script.playalbum)</onclick>
				<onclick condition="!System.HasAddon(script.playalbum)">InstallAddon(script.playalbum)</onclick>
			</control>
			<control type="button" id="5817">
				<include>SettingsButton</include>
				<label>script.libraryeditor</label>
				<label2>$VAR[StatusLibraryEditor]</label2>
				<onclick condition="System.HasAddon(script.libraryeditor)">Addon.OpenSettings(script.libraryeditor)</onclick>
				<onclick condition="!System.HasAddon(script.libraryeditor)">RunScript(script.skin.helper.service,action=dialogok,header=$LOCALIZE[24076],message=$LOCALIZE[24100][CR]Library Editor Script[CR]$LOCALIZE[21870]: https://github.com/phil65/script.libraryeditor)</onclick>
			</control>
			<control type="button" id="5818">
				<include>SettingsButton</include>
				<label>script.imdbupdate</label>
				<label2>$VAR[StatusIMDBUpdate]</label2>
				<onclick condition="System.HasAddon(script.imdbupdate)">Addon.OpenSettings(script.imdbupdate)</onclick>
				<onclick condition="!System.HasAddon(script.imdbupdate)">RunScript(script.skin.helper.service,action=dialogok,header=$LOCALIZE[24076],message=$LOCALIZE[24100][CR]IMDB Update Script[CR]Source: https://github.com/jansepke/script.imdbupdate)</onclick>
			</control>
-->
			<control type="button" id="5819">
				<include>SettingsButton</include>
				<label>weather.openweathermap.extended</label>
				<label2>$VAR[StatusOpenWeatherMapExtended]</label2>
				<onclick condition="System.HasAddon(weather.openweathermap.extended)">Addon.OpenSettings(weather.openweathermap.extended)</onclick>
				<onclick condition="!System.HasAddon(weather.openweathermap.extended)">InstallAddon(weather.openweathermap.extended)</onclick>
			</control>
			<control type="button" id="5820">
				<include>SettingsButton</include>
				<label>script.image.resource.select</label>
				<label2>$VAR[StatusImageResourceSelect]</label2>
				<onclick condition="System.HasAddon(script.image.resource.select)">Addon.OpenSettings(script.image.resource.select)</onclick>
				<onclick condition="!System.HasAddon(script.image.resource.select)">InstallAddon(script.image.resource.select)</onclick>
			</control>
			<control type="button" id="5821">
				<include>SettingsButton</include>
				<label>resource.images.weatherfanart.multi</label>
				<label2>$VAR[StatusWeatherFanartMulti]</label2>
				<onclick condition="System.HasAddon(resource.images.weatherfanart.multi)">Addon.OpenSettings(resource.images.weatherfanart.multi)</onclick>
				<onclick condition="!System.HasAddon(resource.images.weatherfanart.multi)">InstallAddon(resource.images.weatherfanart.multi)</onclick>
			</control>
			<control type="button" id="5822">
				<include>SettingsButton</include>
				<label>resource.images.weathericons.outline</label>
				<label2>$VAR[StatusWeatherIconsOutline]</label2>
				<onclick condition="System.HasAddon(resource.images.weathericons.outline)">Addon.OpenSettings(resource.images.weathericons.outline)</onclick>
				<onclick condition="!System.HasAddon(resource.images.weathericons.outline)">InstallAddon(resource.images.weathericons.outline)</onclick>
			</control>
			<control type="button" id="5823">
				<include>SettingsButton</include>
				<label>resource.images.musicgenreicons.text</label>
				<label2>$VAR[StatusMusicGenreiconsText]</label2>
				<onclick condition="System.HasAddon(resource.images.musicgenreicons.text)">Addon.OpenSettings(resource.images.musicgenreicons.text)</onclick>
				<onclick condition="!System.HasAddon(resource.images.musicgenreicons.text)">InstallAddon(resource.images.musicgenreicons.text)</onclick>
			</control>
			<control type="button" id="5824">
				<include>SettingsButton</include>
				<label>resource.images.languageflags.colour</label>
				<label2>$VAR[StatusLanguageFlagsColour]</label2>
				<onclick condition="System.HasAddon(resource.images.languageflags.colour)">Addon.OpenSettings(resource.images.languageflags.colour)</onclick>
				<onclick condition="!System.HasAddon(resource.images.languageflags.colour)">InstallAddon(resource.images.languageflags.colour)</onclick>
			</control>
			<control type="button" id="5825">
				<include>SettingsButton</include>
				<label>resource.images.studios.coloured</label>
				<label2>$VAR[StatusImagesStudiosWhite]</label2>
				<onclick condition="System.HasAddon(resource.images.studios.coloured)">Addon.OpenSettings(resource.images.studios.coloured)</onclick>
				<onclick condition="!System.HasAddon(resource.images.studios.coloured)">InstallAddon(resource.images.studios.coloured)</onclick>
			</control>
			<control type="button" id="5826">
				<include>SettingsButton</include>
				<label>resource.images.recordlabels.white</label>
				<label2>$VAR[StatusImagesRecordlabelsWhite]</label2>
				<onclick condition="System.HasAddon(resource.images.recordlabels.white)">Addon.OpenSettings(resource.images.recordlabels.white)</onclick>
				<onclick condition="!System.HasAddon(resource.images.recordlabels.white)">InstallAddon(resource.images.recordlabels.white)</onclick>
			</control>
			<control type="button" id="5827">
				<include>SettingsButton</include>
				<label>resource.images.moviecountryicons.maps</label>
				<label2>$VAR[StatusMovieCountryIconsMaps]</label2>
				<onclick condition="System.HasAddon(resource.images.moviecountryicons.maps)">Addon.OpenSettings(resource.images.moviecountryicons.maps)</onclick>
				<onclick condition="!System.HasAddon(resource.images.moviecountryicons.maps)">InstallAddon(resource.images.moviecountryicons.maps)</onclick>
			</control>
		</control>

		<!-- ================ -->
		<!-- == Bello Nero == -->
		<!-- ================ -->
		<control type="grouplist" id="5900">
		  <description>Bello Nero control area</description>
		  <include>CloseAnimation</include>
		  <visible>Container(6000).Hasfocus(9)</visible>
		  <left>7</left>
		  <top>98</top>
		  <width>770</width>
		  <height>400</height>
		  <itemgap>0</itemgap>
		  <pagecontrol>60</pagecontrol>
		  <onleft>6000</onleft>
		  <onright>6000</onright>
		  <onup>5900</onup>
		  <ondown>5900</ondown>
    <control type="label">
      <align>left</align>
	    <aligny>center</aligny>
      <font>FontSize_20B</font>
      <label>[COLOR=$VAR[Text.GlobalColor]]$LOCALIZE[31411][/COLOR]</label>
    </control>
		<control type="textbox">
      <description>About Value</description>
		  <left>0</left>
		  <width>770</width>
		  <height>80</height>
		  <font>FontSize_18</font>
		  <align>justify</align>
		  <textcolor>99ffffff</textcolor>
		  <shadowcolor>99000000</shadowcolor>
		  <label fallback="195">$LOCALIZE[31414]</label>
    </control>
		<control type="label">
		  <align>left</align>
	    <aligny>center</aligny>
      <font>FontSize_20B</font>
      <label>[COLOR=$VAR[Text.GlobalColor]]$LOCALIZE[31412][/COLOR]</label>
    </control>
		<control type="textbox">
    <description>Credits Value</description>
		  <left>0</left>
		  <width>770</width>
		  <height>100</height>
		  <font>FontSize_18</font>
		  <align>justify</align>
		  <textcolor>99ffffff</textcolor>
		  <shadowcolor>99000000</shadowcolor>
		  <label fallback="195">$LOCALIZE[31415]</label>
    </control>
		<control type="label">
      <align>left</align>
	    <aligny>center</aligny>
      <font>FontSize_20B</font>
      <label>[COLOR=$VAR[Text.GlobalColor]]$LOCALIZE[31413][/COLOR]</label>
    </control>
		<control type="label">
		  <align>left</align>
	    <aligny>center</aligny>
      <font>FontSize_18</font>
      <label>$LOCALIZE[31416]</label>
    </control>
	</control>
	<control type="group">
		<left>17</left>
		<top>9</top>
	  <include>CloseAnimation</include>
	  <visible>Container(6000).Hasfocus(9)</visible>
		<include>LogoBig</include>
		<control type="label">
		  <left>68</left>
		  <top>20</top>
      <font>FontSize_50</font>
		  <textcolor>white</textcolor>
		  <shadowcolor>99000000</shadowcolor>
      <label>ηεrσ</label>
    </control>
		<control type="label">
		  <left>210</left>
		  <top>24</top>
      <font>FontSize_50</font>
		  <textcolor>99ffffff</textcolor>
		  <shadowcolor>99000000</shadowcolor>
      <label>|</label>
    </control>
		<control type="image">
	    <left>260</left>
	    <top>1</top>
	    <width>200</width>
	    <height>80</height>
			<aspectratio align="center" aligny="center">keep</aspectratio>
      <texture background="true">kodi-logo.png</texture>
    </control>
	 </control>
  </control>
 </control>

  <control type="image">
  	<left>90</left>
    <top>551</top>
    <width>1103</width>
    <height>65</height>
    <texture border="49,0,49,9">thumbs/thumb_border.png</texture>
  </control>

  <!-- ============================ -->
  <!-- == Header & Footer Labels == -->
	<!-- ============================ -->
	<control type="label">
		<description>Header Settings</description>
		<left>85</left>
		<top>90</top>
		<width>305</width>
		<height>40</height>
		<font>FontSize_34B</font>
		<align>right</align>
		<aligny>center</aligny>
		<textcolor>99ffffff</textcolor>
		<shadowcolor>99000000</shadowcolor>
		<label>$LOCALIZE[31056]</label>
	</control>
	<control type="label">
		<description>Header Categories</description>
		<left>407</left>
		<top>90</top>
		<width>772</width>
		<height>40</height>
		<font>FontSize_34B</font>
		<align>left</align>
		<aligny>center</aligny>
		<textcolor>99ffffff</textcolor>
		<shadowcolor>99000000</shadowcolor>
		<label>$VAR[SettingsCategoryLabels]</label>
	</control>
  <control type="label">
		<description>Description Area</description>
		<left>100</left>
		<top>565</top>
		<width>1085</width>
		<height>35</height>
	  <textcolor>55white</textcolor>
		<shadowcolor>99000000</shadowcolor>
		<font>TextboxFont_20</font>
		<align>left</align>
		<scroll>false</scroll>
    <wrapmultiline>true</wrapmultiline>
		<label>$LOCALIZE[31409]</label>
  </control>
  <include>CommonDialogsFadeOutBG</include>
  <control type="group" id="9333">
  	<include>BusyAnimation</include>
  	<include>NotificationsAnimations</include>
  	<visible>String.IsEqual(Window.Property(resetbusy),show)</visible>
  <control type="label">
  	<left>0</left>
  	<top>320</top>
  	<width>1280</width>
  	<height>42</height>
  	<label>$LOCALIZE[31007]</label>
  	<align>center</align>
  	<aligny>center</aligny>
  	<font>FontSize_50</font>
  	<textcolor>white</textcolor>
  	<shadowcolor>77000000</shadowcolor>
    <scroll>false</scroll>
  </control>
 </control>
</control>
  <include>CommonNowPlaying</include>
  <include>SettingsCategoryContentInfo</include>
  <include>SettingsWeatherAndClock</include>
</controls>
</window>
