<?xml version="1.0" encoding="UTF-8"?>
<window>
	<controls>
	<control type="group" id="13">
		<animation type="Conditional" condition="Slideshow.IsPaused + Slideshow.IsActive">
			<effect type="zoom" time="300" delay="4000" center="640,360" start="100" end="0" tween="cubic" easing="in" />
			<effect type="fade" time="300" delay="4000" start="100" easing="in" end="0" />
		</animation>
		<animation type="Conditional" condition="!Slideshow.IsPaused + Slideshow.IsActive">
			<effect type="zoom" time="300" center="640,360" start="100" end="180" tween="cubic" easing="in" />
			<effect type="fade" time="300" center="640,360" start="100" easing="out" end="0" />
		</animation>			
		<control type="image" id="13">
			<left>475</left>
			<top>185</top>
			<width>330</width>
			<height>330</height>
			<texture>osd/osd_pause.png</texture>
		  <colordiffuse>99999999</colordiffuse>
		  <fadetime>300</fadetime>
		</control>
	</control>
		<!-- Now Playing -->
	<control type="group">
			<left>45</left>
			<top>520</top>
			<visible>Player.ShowInfo + Player.HasAudio</visible>
            <include>InfoDialogs_ContentInfoAnimation</include>
	    <animation type="WindowOpen">
	        <effect type="slide" start="-150,0" end="0,0" time="750" delay="0" tween="sine" easing="out" />
	        <effect type="fade" start="0" end="100" time="550" delay="0" tween="sine" easing="out" />
	    </animation>
	    <animation type="WindowClose">
	        <effect type="slide" start="0,0" end="-200,0" time="900" delay="200" tween="sine" easing="out" />
	        <effect type="fade" start="100" end="0" time="550" delay="200" tween="sine" easing="out" />
	    </animation>
	    <animation type="Visible">
	        <effect type="slide" start="-150,0" end="0,0" time="750" delay="500" tween="sine" easing="out" />
	        <effect type="fade" start="0" end="100" time="550" delay="500" tween="sine" easing="out" />
	    </animation>
	    <animation type="Hidden">
	        <effect type="slide" start="0,0" end="-200,0" time="900" delay="200" tween="sine" easing="out" />
	        <effect type="fade" start="100" end="0" time="550" delay="200" tween="sine" easing="out" />
	    </animation>
	    <include>PlayerSquare</include>
			
			<!-- Info -->
			<control type="group">
				<left>173</left>
				<control type="label">
					<description>Title label</description>
					<left>0</left>
					<top>64</top>
					<height>30</height>
					<width>1000</width>
					<label>$INFO[Player.Title]</label>
					<align>left</align>
					<aligny>center</aligny>
					<font>FontSize_36</font>
					<textcolor>white</textcolor>
					<shadowcolor>99000000</shadowcolor>
				</control>
				<control type="label">
					<description>Album Label</description>
					<left>0</left>
					<top>94</top>
					<height>30</height>
					<width>1000</width>
					<label>$INFO[MusicPlayer.Artist,, - ]$INFO[MusicPlayer.Album]$INFO[musicplayer.discnumber, - $LOCALIZE[427]:]</label>
					<align>left</align>
					<aligny>center</aligny>
					<font>FontSize_18</font>
					<textcolor>white</textcolor>
					<shadowcolor>99000000</shadowcolor>
				</control>
				<control type="label">
					<description>Time Label</description>
					<left>0</left>
					<top>124</top>
					<height>30</height>
					<width>300</width>
					<label>$INFO[Player.Time(mm:ss)]$INFO[Player.Duration, / ]</label>
					<align>left</align>
					<aligny>center</aligny>
					<font>FontSize_18</font>
					<textcolor>$VAR[Text.GlobalColor]</textcolor>
					<shadowcolor>99000000</shadowcolor>
				</control>
			</control>
	    </control>
	</controls>
</window>
