<?xml version="1.0" encoding="UTF-8"?>
<window  id="2901">
  <onload condition="!VideoPlayer.Content(LiveTV)">SetFocus(103)</onload>
  <onload condition="VideoPlayer.Content(LiveTV)">SetFocus(104)</onload>
  <onunload>ClearProperty(ShowPlot,VideoOSD)</onunload>
	<controls>

	<include condition="!String.IsEqual(Skin.String(FullScreenVideoStyle),2)">VideoOSDStyleDefault</include>
	<include condition="String.IsEqual(Skin.String(FullScreenVideoStyle),2)">VideoOSDStyleSimple</include>

	</controls>
 </window>