<?xml version="1.0" encoding="UTF-8"?>
<includes> 

	<!-- ======================== -->
	<!-- ==== List View "50" ==== -->
	<!-- ======================== -->
	<include name="ListView_Music">
	<control type="group">
		<visible>Control.IsVisible(50)</visible>
        <include>CommonViews_VerticalAnimation</include>

		<!-- ==== Thumb/Fanart/Info ==== -->
		<control type="group">
            <visible>!ListItem.IsParentFolder</visible>
			<visible>[Container.Content(Artists) | Container.Content(Albums) | Container.Content(Songs) | Container.Content(MusicVideos)] | [String.Contains(Container.FolderPath,plugin://plugin,left) | Container.Content(Addons)] + !String.IsEmpty(ListItem.AddonName)</visible>
			<!-- cdArt view music -->
			<control type="image"> 
			    <left>642</left>
			    <top>173</top>
	            <width>205</width>
	            <height>205</height>
	            <aspectratio align="center" aligny="center" scalediffuse="false">keep</aspectratio>
                <texture background="true" fallback="osd/cd.png">$VAR[MusicView_CdArt]</texture>				
				<animation type="Conditional" reversible="false" condition="!Container.OnNext + !Container.OnPrevious">
			        <effect type="slide" end="0,-110" center="auto" time="700" delay="100" loop="false" tween="cubic" easing="inout" />
					<effect type="fade" start="0" end="100" time="300" />
		        </animation>
				<include>cdArtRotateEffect</include>
				<!-- <visible>![Container.Content(Artists) | Container.Content(Songs) | Window.IsActive(musicplaylist)]</visible> -->
				<visible>![Container.Content(Genres) + !ListItem.IsParentFolder] + !String.IsEmpty(ListItem.Art(thumb)) + !String.IsEqual(Skin.String(OSD.cdArtSelect),Disabled) + !Container.Content(Artists)</visible>
            </control>
      <include>ListView_ThumbAndFanart</include>
		</control>

		<!-- ==== Thumb ==== -->
		<control type="group">
		  <visible>String.IsEmpty(ListItem.AddonName)</visible>
			<visible>![Container.Content(Artists) | Container.Content(Albums) | Container.Content(Songs) | Container.Content(MusicVideos)]</visible>
      <include>ListView_Thumb</include>
		</control>

		<!-- ==== List ==== -->
		<control type="group">
			<control type="list" id="50">
                <include>ListView_Vars</include>
				<itemlayout height="45" width="710">
					<control type="label">
						<left>12</left>
						<top>10</top>
						<width>55</width>
						<height>25</height>
						<font>FontSize_22</font>
						<textcolor>9fffffff</textcolor>
						<shadowcolor>77000000</shadowcolor>
						<align>center</align>
						<aligny>center</aligny>
			      <label fallback="․  ․  ․">$VAR[FirstMusicLabel]</label>
						<visible>!ListItem.IsParentFolder</visible>
					</control>
					<control type="label">
						<left>95</left>
						<top>10</top>
						<width>455</width>
						<height>25</height>
						<font>FontSize_22</font>
						<textcolor>9fffffff</textcolor>
						<shadowcolor>77000000</shadowcolor>
						<align>left</align>
						<aligny>center</aligny>
			      <label>$VAR[MusicLabel]</label>
					</control>
					<control type="image">
						<left>550</left>
						<top>8</top>
					    <width>40</width>
				        <height>22</height>
				        <colordiffuse>mediaflags</colordiffuse>
				        <aspectratio align="center">keep</aspectratio>
						<texture>$VAR[ViewsDef3DFlags]</texture>
						<visible>Container.Content(MusicVideos)</visible>
					  <animation effect="slide" start="0,0" end="45,0" condition="!Container.Content(MusicVideos)">Conditional</animation>
					</control>
					<control type="label">
						<left>285</left>
						<top>10</top>
						<width>300</width>
						<height>25</height>
						<font>FontSize_22</font>
						<textcolor>9fffffff</textcolor>
						<shadowcolor>77000000</shadowcolor>
						<align>right</align>
						<aligny>center</aligny>
						<label fallback="․  ․  ․">$VAR[MusicLabel2]</label>
            <visible>!Container.Content(MusicVideos) + !ListItem.IsParentFolder</visible>
					</control>
				</itemlayout>
				<focusedlayout height="45" width="710">
		      <control type="group">
			      <include>ListFocusAnimation</include>
						<control type="label">
  						<left>7</left>
  						<top>10</top>
  						<width>65</width>
  						<height>25</height>
							<font>FontSize_22</font>
							<textcolor>white</textcolor>
							<shadowcolor>77000000</shadowcolor>
							<align>center</align>
							<aligny>center</aligny>
				      <label fallback="◎  ◎  ◎">$VAR[FirstMusicLabel]</label>
				      <visible>!ListItem.IsParentFolder</visible>
						</control>
						<control type="label">
							<left>95</left>
							<top>10</top>
							<width>455</width>
							<height>25</height>
							<font>FontSize_22</font>
							<textcolor>white</textcolor>
							<shadowcolor>77000000</shadowcolor>
							<align>left</align>
							<aligny>center</aligny>
					    <scroll>true</scroll>
				      <label>$VAR[MusicLabel]</label>
						</control>
						<control type="image">
							<left>550</left>
							<top>8</top>
					        <width>40</width>
				            <height>22</height>
				            <colordiffuse>mediaflags</colordiffuse>
				            <aspectratio align="center">keep</aspectratio>
							<texture>$VAR[ViewsDef3DFlags]</texture>
							<visible>Container.Content(MusicVideos)</visible>
						  <animation effect="slide" start="0,0" end="45,0" condition="!Container.Content(MusicVideos)">Conditional</animation>
						</control>
						<control type="label">
  						<left>285</left>
  						<top>10</top>
  						<width>300</width>
  						<height>25</height>
							<font>FontSize_22</font>
							<textcolor>white</textcolor>
							<shadowcolor>77000000</shadowcolor>
							<align>right</align>
							<aligny>center</aligny>
					    <scroll>true</scroll>
							<label fallback="․  ․  ․">$VAR[MusicLabel2]</label>
	            <visible>!Container.Content(MusicVideos) + !ListItem.IsParentFolder</visible>
						</control>
                    </control>
				</focusedlayout>
			</control>
      <include>ListView_Scrollbar</include>
      <include>ListView_Arrows</include>
	  <!-- Logo -->
			<control type="group">
        <left>647</left>
				<top>73</top>
        <include>MusicLogoArtistViewMusic</include>
			</control>
		</control>
	</control>	 
</include>

	<!-- ========================= -->
	<!-- ==== Slide View "51" ==== -->
	<!-- ========================= -->
	<include name="SlideView_Music">
		<control type="group">
			<visible>Control.IsVisible(51)</visible>
	        <include>CommonViews_HorizontalAnimation</include>
			<control type="image">
		    <include>FullscreenDimensions</include>
			  <texture background="true">views/slide/top_bottom_shadows_music.png</texture>
			</control>
			<!-- cdArt view music -->
	        <control type="image"> 
			    <left>51</left>
			    <top>243</top>
	            <width>285</width>
	            <height>285</height>
	            <aspectratio align="center" aligny="center" scalediffuse="false">keep</aspectratio>
                <texture background="true" fallback="osd/cd.png">$VAR[MusicView_CdArt]</texture>				
				<animation type="Conditional" reversible="false" condition="!Container.OnNext + !Container.OnPrevious">
			        <effect type="slide" end="0,110" center="auto" time="700" delay="100" loop="false" tween="cubic" easing="inout" />
					<effect type="fade" start="0" end="100" time="300" delay="300" />
		        </animation>
				<include>cdArtRotateEffect</include>
				<!-- <visible>![Container.Content(Artists) | Container.Content(Songs) | Window.IsActive(musicplaylist)]</visible> -->
				<visible>![Container.Content(Genres) + !ListItem.IsParentFolder] + !String.IsEmpty(ListItem.Art(thumb)) + !String.IsEqual(Skin.String(OSD.cdArtSelect),Disabled) + !Container.Content(Artists)</visible>
            </control>
			<control type="wraplist" id="51">
				<left>-253</left>
				<top>210</top>
				<width>1900</width>
				<height>800</height>
				<onleft>51</onleft>
				<onright>51</onright>
	      <onup>100</onup>
	      <ondown>603</ondown>
	      <viewtype label="31080">List</viewtype>
          <scrolltime tween="Quadratic" easing="out">300</scrolltime>
	      <orientation>horizontal</orientation>
	      <preloaditems>2</preloaditems>
	      <focusposition>1</focusposition>
			  <pagecontrol>603</pagecontrol>
				<visible>[Container.Content(Artists) | Container.Content(Albums) | Container.Content(Songs) | Container.Content(MusicVideos)]</visible>
				<itemlayout width="297.5" height="300">
					<control type="image">
						<width>298</width>
						<height>300</height>
		        <colordiffuse>FFbbbbbb</colordiffuse>
						<aspectratio aligny="center" align="center">scale</aspectratio>
						<texture background="true" diffuse="views/slide/poster_diffuse_nf.png" fallback="thumbs/fallback_square_tp.png">$VAR[VarArtThumbSquare]</texture>
					</control>
				</itemlayout>
				<focusedlayout width="297.5" height="300">
					<control type="image">
						<width>298</width>
						<height>300</height>
					  <aspectratio aligny="center" align="center">scale</aspectratio>
					  <texture background="true" fallback="thumbs/fallback_square_tp.png">$VAR[VarArtThumbSquare]</texture>
		        <bordersize>9</bordersize>
		        <animation type="Focus" reversible="false" condition="Container(51).OnNext">
		          <effect type="fade" start="20" end="100" time="300" delay="100" tween="sine" easing="out" />
		        </animation>
		        <animation type="Focus" reversible="false" condition="Container(51).OnPrevious">
		          <effect type="fade" start="20" end="100" time="300" delay="100" tween="sine" easing="out" />
		        </animation>
					</control>
					<control type="group">
					  <left>315</left>
			      <top>225</top>
						<control type="label">
						  <left>0</left>
			        <top>0</top>
							<height>30</height>
							<width>875</width>
							<textcolor>white</textcolor>
			        <shadowcolor>77000000</shadowcolor>
							<font>FontSize_38</font>
				      <scroll>false</scroll>
							<align>left</align>
							<label>$VAR[MusicLabel]</label>
	            <visible>!ListItem.IsParentFolder</visible>
	            <animation effect="slide" start="0,0" end="0,-208" time="250" tween="sine" easing="inout" condition="Control.HasFocus(100)">Conditional</animation>
						</control>
						<control type="label">
						  <left>2</left>
							<top>30</top>
							<height>35</height>
							<width>873</width>
							<textcolor>bbffffff</textcolor>
			        <shadowcolor>77000000</shadowcolor>
							<font>FontSize_20</font>
				      <scroll>false</scroll>
							<align>left</align>
							<label>$VAR[MusicLabel2]</label>
							<visible>!Container.Content(MusicVideos)</visible>
						</control>
						<!-- Small Down Info -->
					  <control type="group">
							<left>2</left>
							<top>40</top>
							<visible>Container.Content(MusicVideos)</visible>
							<control type="image">
						    <include>SmallDownInfo_Def3DFlags</include>
							</control>
							<control type="label">
								<left>45</left>
								<top>0</top>
								<width>600</width>
						    <include>SmallDownInfo_SmallGlobalInfo</include>
			          <animation effect="slide" start="0,0" end="-45,0" time="0" tween="sine" easing="inout" condition="String.IsEmpty(ListItem.VideoResolution)">Conditional</animation>
							</control>
					  </control>
					</control>
				</focusedlayout>
			</control>
			<control type="group">
				<left>362</left>
				<animation type="Visible" tween="sine" easing="inout" reversible="false">
					<effect type="zoom" start="100,120" end="100,100" time="220" />
					<effect type="fade" start="0" end="100" time="220" />
				</animation>
				<animation type="Hidden" tween="sine" easing="inout" reversible="false">
					<effect type="zoom" start="100,100" end="100,110" time="150" />
					<effect type="fade" start="100" end="0" time="150" />
				</animation>
		    <visible>![String.IsEmpty(Container.ListItem.Property(Album_Description)) + String.IsEmpty(Container.ListItem.Property(Artist_Description)) + String.IsEmpty(Container.ListItem.Comment) + String.IsEmpty(Container.ListItem.Plot)] + Control.HasFocus(100)</visible>
				<control type="label">
					<top>258</top>
					<height>30</height>
					<width>875</width>
					<textcolor>99ffffff</textcolor>
					<shadowcolor>99000000</shadowcolor>
					<font>FontSize_22</font>
					<scrollspeed>30</scrollspeed>
					<align>left</align>
					<label fallback="195">$INFO[ListItem.Genre]</label>
					<visible>!Container.Content(Artists) + !Container.Content(Songs) + !Window.IsActive(musicplaylist)</visible>
				</control>
				<control type="label">
					<top>258</top>
					<height>30</height>
					<width>875</width>
					<textcolor>99ffffff</textcolor>
					<shadowcolor>99000000</shadowcolor>
					<font>FontSize_22</font>
					<scrollspeed>30</scrollspeed>
					<align>left</align>
					<label fallback="195">$INFO[ListItem.Property(Artist_YearsActive)]</label>
					<visible>Container.Content(Artists)</visible>
				</control>				
		    <control type="textbox">
		      <top>295</top>
		      <width>860</width>
		      <height>155</height>
					<font>FontSize_22</font>
					<textcolor>99ffffff</textcolor>
					<shadowcolor>99000000</shadowcolor>
					<align>justify</align>
					<autoscroll delay="8000" time="2000" repeat="8000">Skin.HasSetting(AutoScroll)</autoscroll>
					<label fallback="195">$VAR[GlobalPlotDescription]</label>
		    </control>
		  </control>
			<control type="image">
				<left>44</left>
				<top>209</top>
				<width>300</width>
				<height>302</height>
		    <colordiffuse>$VAR[Textures.GlobalColor]</colordiffuse>
				<aspectratio align="center" aligny="center">stretch</aspectratio>
				<texture border="30">views/other/focus_panel.png</texture>
			</control>
	    <control type="button" id="100">
				<include>HiddenItem</include>
				<onleft>51</onleft>
	      <onright>51</onright>
	      <onup>9000</onup>
	      <ondown>51</ondown>
	      <visible>[Container.Content(Artists) | Container.Content(Albums) | Container.Content(Songs) | Container.Content(MusicVideos)] + ![String.IsEmpty(Container.ListItem.Property(Album_Description)) + String.IsEmpty(Container.ListItem.Property(Artist_Description)) + String.IsEmpty(Container.ListItem.Comment) + String.IsEmpty(Container.ListItem.Plot)] + !Window.IsActive(ShutdownMenu) + !Window.IsActive(ContextMenu)</visible>
	    </control>
			<control type="scrollbar" id="603">
				<left>355</left>
				<top>495</top>
				<width>870</width>
				<height>6</height>
				<texturesliderbackground/>
				<texturesliderbar border="14,0,14,0">views/scrollbar/scrollbar_horizontal.png</texturesliderbar>
				<texturesliderbarfocus border="14,0,14,0">views/scrollbar/scrollbar_horizontal.png</texturesliderbarfocus>
				<textureslidernib/>
				<textureslidernibfocus/>
				<onup>51</onup>
				<ondown>9555</ondown>
				<showonepage>false</showonepage>
				<orientation>horizontal</orientation>
			  <animation effect="fade" start="100" end="0" time="250" condition="!Control.HasFocus(603) + !Container.Scrolling">Conditional</animation>
				<visible>Control.IsVisible(51)</visible>
			</control>
			<!-- Logo -->
		<control type="group">
            <left>100</left>
			<top>539</top>
            <include>MusicLogoArtistViewMusic</include>
		</control>
	  </control>
	</include>

	<!-- =========================== -->
	<!-- ==== Gallery View "52" ==== -->
	<!-- =========================== -->
	<include name="GalleryView_Music">
		<control type="group">
			<visible>Control.IsVisible(52)</visible>
            <include>CommonViews_HorizontalAnimation</include>
			<control type="image">
		    <include>FullscreenDimensions</include>
				<texture background="true">views/gallery/top_bottom_shadows.png</texture>
			</control>
			<!-- cdArt view music -->
			<control type="image"> 
			    <left>668</left>
			    <top>113</top>
	            <width>305</width>
	            <height>305</height>
	            <aspectratio align="center" aligny="center" scalediffuse="false">keep</aspectratio>
                <texture background="true" fallback="osd/cd.png">$VAR[MusicView_CdArt]</texture>				
				<animation type="Conditional" reversible="false" condition="!Container(52).OnNext + !Container(52).OnPrevious">
			        <effect type="slide" end="0,-110" center="auto" time="700" delay="100" loop="false" tween="cubic" easing="inout" />
					<effect type="fade" start="0" end="100" time="300" delay="300" />
		        </animation>				
				<include>cdArtRotateEffect</include>
				<!-- <visible>![Container.Content(Artists) | Container.Content(Songs) | Window.IsActive(musicplaylist)]</visible> -->
				<visible>![Container.Content(Genres) + !ListItem.IsParentFolder] + !String.IsEmpty(ListItem.Art(thumb)) + !String.IsEqual(Skin.String(OSD.cdArtSelect),Disabled) + !Container.Content(Artists)</visible>
            </control>			
			<control type="image">
				<left>-300</left>
				<top>116</top>
				<width>1880</width>
				<height>492</height>
				<aspectratio>stretch</aspectratio>
				<texture background="true" border="39">views/other/panel.png</texture>
				<bordersize>41</bordersize>
			</control>
			<control type="wraplist" id="52">
				<left>-34</left>
				<top>172</top>
				<width>1900</width>
				<height>800</height>
				<onleft>52</onleft>
				<onright>52</onright>
	      <onup>9000</onup>
	      <ondown>604</ondown>
				<viewtype label="31081">List</viewtype>
	      <scrolltime tween="Cubic" easing="out">500</scrolltime>
	      <orientation>horizontal</orientation>
	      <preloaditems>2</preloaditems>
	      <focusposition>5</focusposition>
			  <pagecontrol>604</pagecontrol>
				<visible>[Container.Content(Artists) | Container.Content(Albums) | Container.Content(Songs)] + ![String.Contains(Container.Folderpath,plugin://)]</visible>
				<itemlayout width="58" height="380">
					<control type="image">
						<left>35</left>
						<top>0</top>
						<width>60</width>
						<height>380</height>
						<align>left</align>
						<aspectratio>stretch</aspectratio>
					  <texture border="20">thumbs/thumb_border.png</texture>
					</control>
					<control type="label">
						<left>47</left>
						<top>365</top>
						<width>355</width>
						<height>60</height>
						<textcolor>44ffffff</textcolor>
						<font>FontSize_26</font>
						<scroll>false</scroll>
						<angle>90</angle>
						<align>left</align>
						<aligny>top</aligny>
						<label>$VAR[MusicLabel]</label>
					</control>
				</itemlayout>
				<focusedlayout width="695" height="380">
					<control type="group">
						<left>46</left>	                    
						<control type="image">
							<width>675</width>
							<height>380</height>
    					<aspectratio aligny="center" align="center">scale</aspectratio>
						  <texture background="true" fallback="thumbs/fallback_fanart_big_tp.png">$VAR[VarArtFanart]</texture>
							<bordertexture border="20">thumbs/thumb_border.png</bordertexture>
							<fadetime>FanartCrossfadeTime</fadetime>
							<bordersize>6</bordersize>
						</control>						
					</control>
				    <control type="image">
				      <left>46</left>
				    	<width>675</width>
				    	<height>380</height>
				    	<aspectratio aligny="center" align="center">stretch</aspectratio>
				    	<texture>views/gallery/title_overlay.png</texture>
				    	<bordersize>6</bordersize>
				    </control>				    
					<!-- Navigation Arrows -->
					<control type="image">
						<left>50</left>
						<top>153</top>
						<width>74</width>
						<height>74</height>
						<texture>icons/arrow_map_left.png</texture>
				  </control>
				  <control type="image">
						<left>643</left>
						<top>153</top>
						<width>74</width>
						<height>74</height>
						<texture>icons/arrow_map_right.png</texture>
				  </control>
				  <control type="label">
						<left>60</left>
						<top>310</top>
						<height>30</height>
						<width>650</width>
						<textcolor>white</textcolor>
		        <shadowcolor>99000000</shadowcolor>
						<font>FontSize_38</font>
						<align>left</align>
						<label>$VAR[MusicLabel]</label>
            <visible>!ListItem.IsParentFolder</visible>
				  </control>
					<control type="label">
						<left>62</left>
						<top>340</top>
						<height>30</height>
						<width>650</width>
						<textcolor>77ffffff</textcolor>
		        <shadowcolor>99000000</shadowcolor>
		        <selectedcolor>77ffffff</selectedcolor>
						<font>FontSize_22</font>
			      <scroll>false</scroll>
						<align>left</align>
					  <label>$VAR[MusicLabel2]</label>
					</control>
				</focusedlayout>
			</control>	
			<!-- Logo -->	       
            <control type="group">
				<left>770</left>
				<top>87</top>
	  	        <width>190</width>
	  	        <height>60</height>
	  	        <include>MusicLogoArtistViewMusic</include>
		        <animation type="Conditional" reversible="false" condition="!Container(52).OnNext + !Container(52).OnPrevious">			        
		        	<effect type="fade" start="0" end="100" time="150" delay="100" />
		        </animation>               
	        	<visible>Container.Content(Artists)</visible>
            </control>			
			<control type="image">
				<left>-300</left>
				<top>157</top>
				<width>1880</width>
				<height>410</height>
				<aspectratio>stretch</aspectratio>
				<texture background="true">views/gallery/sides_fade.png</texture>
			</control>
			<control type="scrollbar" id="604">
				<left>305</left>
				<top>552</top>
				<width>670</width>
				<height>6</height>
				<texturesliderbackground/>
				<texturesliderbar border="14,0,14,0" colordiffuse="77ffffff">views/scrollbar/scrollbar_horizontal.png</texturesliderbar>
				<texturesliderbarfocus border="14,0,14,0" colordiffuse="77ffffff">views/scrollbar/scrollbar_horizontal.png</texturesliderbarfocus>
				<textureslidernib/>
				<textureslidernibfocus/>
				<onup>52</onup>
				<ondown>9555</ondown>
				<showonepage>false</showonepage>
				<orientation>horizontal</orientation>
			  <animation effect="fade" start="100" end="0" time="250" condition="!Control.HasFocus(604) + !Container.Scrolling">Conditional</animation>
				<visible>Control.IsVisible(52)</visible>
			</control>	    
	  </control>
	</include>


	<!-- ===================================== -->
	<!-- ==== Thumbnails View Music "560" ==== -->
	<!-- ===================================== -->
	<include name="ThumbnailsView_Music">
		<control type="group">
			<visible>Control.IsVisible(560)</visible>
	        <include>CommonViews_VerticalAnimation</include>
			<control type="panel" id="560">
				<left>40</left>
				<top>95</top>
				<height>495</height>
                <orientation>vertical</orientation>
				<preloaditems>4</preloaditems>
				<viewtype label="31085">icons</viewtype>
                <scrolltime tween="Quadratic" easing="out">300</scrolltime>
                <visible>Container.Content(albums)</visible>	
            <include>Thumbnails_PanelVars</include>
				<visible>Container.Content(Albums) | Container.Content(Artists) | Container.Content(Songs) | Container.Content(MusicVideos) | Window.IsVisible(MusicPlaylist) | Container.Content(Genres) | String.IsEqual(Container.FolderPath,addons://sources/audio) | String.Contains(Container.FolderPath,plugin://plugin,left)</visible>
				<itemlayout condition="!String.IsEqual(Container.FolderPath,addons://sources/audio) + !Skin.HasSetting(ShowSmallMusicThumbs)" height="248" width="239.5">
            <include>ThumbnailsBig_ItemLayout</include>
				</itemlayout>
				<itemlayout condition="!String.IsEqual(Container.FolderPath,addons://sources/audio) + Skin.HasSetting(ShowSmallMusicThumbs)" height="166" width="171">
            <include>ThumbnailsSmall_ItemLayout</include>
				</itemlayout>

				<itemlayout condition="[String.IsEqual(Container.FolderPath,addons://sources/audio) | String.Contains(Container.FolderPath,plugin://plugin,left)] + !Skin.HasSetting(ShowSmallMusicAddonsThumbs)" height="248" width="239.5">
            <include>ThumbnailsBig_ItemLayout</include>
				</itemlayout>
				<itemlayout condition="[String.IsEqual(Container.FolderPath,addons://sources/audio) | String.Contains(Container.FolderPath,plugin://plugin,left)] + Skin.HasSetting(ShowSmallMusicAddonsThumbs)" height="166" width="171">
            <include>ThumbnailsSmall_ItemLayout</include>
				</itemlayout>

				<focusedlayout condition="!String.IsEqual(Container.FolderPath,addons://sources/audio) + !Skin.HasSetting(ShowSmallMusicThumbs)" height="248" width="239.5">            
			<!-- cdArt view music -->
			<include>ThumbnailsBig_MusicDiscArtLayout</include>
			<include>ThumbnailsBig_FocusedLayout</include>
				</focusedlayout>
				<focusedlayout condition="!String.IsEqual(Container.FolderPath,addons://sources/audio) + Skin.HasSetting(ShowSmallMusicThumbs)" height="166" width="171">
			<!-- cdArt view music -->
			<include>ThumbnailsSamll_MusicDiscArtLayout</include>	
            <include>ThumbnailsSamll_FocusedLayout</include>
				</focusedlayout>

				<focusedlayout condition="[String.IsEqual(Container.FolderPath,addons://sources/audio) | String.Contains(Container.FolderPath,plugin://plugin,left)] + !Skin.HasSetting(ShowSmallMusicAddonsThumbs)" height="248" width="239.5">
            <include>ThumbnailsBig_FocusedLayout</include>			
				</focusedlayout>
				<focusedlayout condition="[String.IsEqual(Container.FolderPath,addons://sources/audio) | String.Contains(Container.FolderPath,plugin://plugin,left)] + Skin.HasSetting(ShowSmallMusicAddonsThumbs)" height="166" width="171">
            <include>ThumbnailsSamll_FocusedLayout</include>
				</focusedlayout>
			</control>
			<control type="button">
				<left>47</left>
				<top>616</top>
      	        <width>1185</width>
				<font>FontSize_26B</font>
				<textcolor>bbffffff</textcolor>
				<shadowcolor>77000000</shadowcolor>
	            <include>HiddenItem</include>
      	        <label>$VAR[MusicLabel]</label>
				<label2>$VAR[MusicLabel2]</label2>
                <visible>!Container.Content(MusicVideos) + !ListItem.IsParentFolder</visible>
			</control>
			
			<control type="group">
				<left>47</left>
			  <top>595</top>
			  <visible>Container.Content(MusicVideos)</visible>
				<control type="label">
					<left>0</left>
					<top>0</top>
					<height>30</height>
					<width>900</width>
					<textcolor>bbffffff</textcolor>
	                <shadowcolor>99000000</shadowcolor>
					<font>FontSize_26B</font>
		            <scroll>false</scroll>
					<align>left</align>
					<label>$VAR[MusicLabel]</label>
                    <visible>!ListItem.IsParentFolder</visible>
				</control>
				<!-- Small Down Info -->
  		  <control type="grouplist">
  				<right>47</right>
  				<top>3</top>
    			<width>1190</width>
  				<align>right</align>
                <itemgap>8</itemgap>
                <orientation>horizontal</orientation>
  				<control type="label">
  					<width>600</width>
  					<height>25</height>
  					<textcolor>bbffffff</textcolor>
  	                <shadowcolor>77000000</shadowcolor>
  					<font>FontSize_24B</font>
  		            <scroll>false</scroll>
  					<align>right</align>
                    <label>$VAR[SmallGlobalInfo]</label>
  				</control>
  				<control type="image">
  					<width>40</width>
				    <height>22</height>
				    <colordiffuse>mediaflags</colordiffuse>
				    <aspectratio align="center">keep</aspectratio>
  					<texture>$VAR[ViewsDef3DFlags]</texture>
  					<visible>!String.IsEmpty(ListItem.VideoResolution)</visible>
  				</control>
  		    </control>
		</control>

			<include>Thumbnails_Scrollbar</include>
			<!-- Logo -->
	        <control type="group">
                <left>547</left>
				<top>30</top>
                <include>MusicLogoArtistViewMusic</include>
		    </control>
		</control>
	</include>

	<!-- ================================= -->
	<!-- ==== Tiles View Music "562" ==== -->
	<!-- ================================= -->
	<include name="TilesView_Music">
		<control type="group">
			<visible>Control.IsVisible(562)</visible>
	        <include>CommonViews_HorizontalAnimation</include>
		    <!-- cdArt view music -->
		    <control type="image"> 
			    <left>90</left>
			    <top>317</top>
	            <width>285</width>
	            <height>285</height>
	            <aspectratio align="center" aligny="center" scalediffuse="false">keep</aspectratio>
                <texture background="true" fallback="osd/cd.png">$VAR[MusicView_CdArt]</texture>				
				<animation type="Conditional" reversible="false" condition="!Container.OnNext + !Container.OnPrevious">
			        <effect type="slide" end="0,110" center="auto" time="700" delay="100" loop="false" tween="cubic" easing="inout" />
					<effect type="fade" start="0" end="100" time="300" delay="300" />
		        </animation> 
				<include>cdArtRotateEffect</include>
				<!-- <visible>![Container.Content(Artists) | Container.Content(Songs) | Window.IsActive(musicplaylist)]</visible> -->
				<visible>![Container.Content(Genres) + !ListItem.IsParentFolder] + !String.IsEmpty(ListItem.Art(thumb)) + !String.IsEqual(Skin.String(OSD.cdArtSelect),Disabled) + !Container.Content(Artists)</visible>
            </control>
			<control type="image">
				<left>-50</left>
				<top>129</top>
				<width>1380</width>
				<height>475</height>
				<aspectratio align="center" aligny="center">stretch</aspectratio>
				<texture background="true" border="39">views/other/panel.png</texture>
			</control>
			<control type="fixedlist" id="562">
				<left>-355</left>
				<top>130</top>
                <width>1950</width>
				<height>465</height>
				<onleft>562</onleft>
				<onright>562</onright>
				<onup>9111</onup>
				<ondown>607</ondown>
				<orientation>horizontal</orientation>
				<pagecontrol>607</pagecontrol>
				<preloaditems>2</preloaditems>
	            <focusposition>1</focusposition>
				<viewtype label="31090">icons</viewtype>
                <scrolltime tween="quadratic" easing="out">350</scrolltime>
	            <visible>Container.Content(Artists) | Container.Content(Albums) | Container.Content(Songs) | Container.Content(MusicVideos) | Window.IsVisible(MusicPlaylist)</visible>
				<itemlayout height="465" width="400">
			    <include content="TilesViewLayout">
			      <param name="textcolor" value="77ffffff" />
			      <param name="shadowcolor" value="77000000" />
			      <param name="selectedcolor" value="$VAR[Text.GlobalColor]" />
			    </include>
				</itemlayout>
				<focusedlayout height="465" width="400">
					<control type="image">
						<left>0</left>
						<top>230</top>
						<width>390</width>
						<height>230</height>
	                    <colordiffuse>$VAR[Textures.GlobalColor]</colordiffuse>
						<aspectratio aligny="center" align="center">stretch</aspectratio>
					    <texture background="true">windows/bg/white.png</texture>
						<bordersize>1</bordersize>
	                    <include>ThumbnailsFocusAnimation</include>
					</control>
			    <include content="TilesViewLayout">
			      <param name="textcolor" value="FF202020" />
			      <param name="shadowcolor" value="30FFFFFF" />
			      <param name="selectedcolor" value="FF202020" />
			    </include>				
				</focusedlayout>
			</control>
			<!-- Logo -->	       
            <control type="group">
				<left>380</left>
				<top>605</top>
	  	        <width>190</width>
	  	        <height>60</height>
	  	        <include>MusicLogoArtistViewMusic</include>		       
				<animation type="Conditional" reversible="false" condition="!Container(562).OnNext + !Container(562).OnPrevious">
				    <effect type="fade" start="0" end="100" time="442" delay="200" />
                    <effect type="slide" start="40" end="-117,0" center="auto" time="487" delay="25" loop="false" tween="cubic" easing="inout" />
		        </animation>
	        	<visible>Container.Content(Artists)</visible>
            </control>
			<control type="scrollbar" id="607">
				<left>44</left>
				<top>592</top>
				<width>1180</width>
				<height>6</height>
				<texturesliderbackground/>
				<texturesliderbar border="14,0,14,0">views/scrollbar/scrollbar_horizontal.png</texturesliderbar>
				<texturesliderbarfocus border="14,0,14,0">views/scrollbar/scrollbar_horizontal.png</texturesliderbarfocus>
				<textureslidernib/>
				<textureslidernibfocus/>
				<onup>51</onup>
				<ondown>9555</ondown>
				<showonepage>false</showonepage>
				<orientation>horizontal</orientation>
			  <animation effect="fade" start="100" end="0" time="250" condition="!Control.HasFocus(607) + !Container.Scrolling">Conditional</animation>
			</control>
		</control>
	</include>
	
	<!-- =========================== -->
	<!-- ==== Banners View "57" ==== -->
	<!-- =========================== -->
	<include name="BannersView_Music">
		<control type="group">
			<visible>Control.IsVisible(57)</visible>
			<!-- cdArt view music -->
			<control type="image"> 
			    <left>289</left>
			    <top>133</top>
	            <width>205</width>
	            <height>205</height>
	            <aspectratio align="center" aligny="center" scalediffuse="false">keep</aspectratio>
                <texture background="true" fallback="osd/cd.png">$VAR[MusicView_CdArt]</texture>				
				<animation type="Conditional" reversible="false" condition="!Container.OnNext + !Container.OnPrevious">
			        <effect type="slide" end="-110,0" center="auto" time="700" delay="100" loop="false" tween="cubic" easing="inout" />
					<effect type="fade" start="0" end="100" time="300" delay="300" />
		        </animation>
				<include>cdArtRotateEffect</include>
				<!-- <visible>![Container.Content(Artists) | Container.Content(Songs) | Window.IsActive(musicplaylist)]</visible> -->
				<visible>![Container.Content(Genres) + !ListItem.IsParentFolder] + !String.IsEmpty(ListItem.Art(thumb)) + !String.IsEqual(Skin.String(OSD.cdArtSelect),Disabled) + !Container.Content(Artists)</visible>
            </control>
	    <include>CommonViews_VerticalAnimation</include>
			<control type="fixedlist" id="57">
				<left>270</left>
				<top>110</top>
				<width>750</width>
				<height>520</height>
				<onleft>9000</onleft>
				<onright>610</onright>
				<onup>57</onup>
				<ondown>57</ondown>
	      <viewtype label="31086">List</viewtype>
			  <pagecontrol>610</pagecontrol>
        <focusposition>0</focusposition>
        <preloaditems>0</preloaditems>
        <movement>0</movement>
				<scrolltime tween="Cubic" easing="Out">500</scrolltime>
	      <visible>Container.Content(Artists) | Container.Content(Albums) | Container.Content(Songs) | Container.Content(MusicVideos) | Window.IsVisible(MusicPlaylist)</visible>
				<itemlayout width="560" height="65">
					<control type="label">
						<left>40</left>
						<width>550</width>
						<label>$VAR[MusicLabel]</label>
						<font>FontSize_22</font>
						<textcolor>white</textcolor>
						<shadowcolor>77000000</shadowcolor>
            <visible>!Container.Content(MusicVideos)</visible>
					</control>
					<control type="label">
						<left>40</left>
						<width>550</width>
						<label>$INFO[ListItem.Title]</label>
						<font>FontSize_22</font>
						<textcolor>white</textcolor>
						<shadowcolor>77000000</shadowcolor>
            <visible>Container.Content(MusicVideos)</visible>
					</control>
					<control type="label">
						<left>40</left>
						<top>23</top>
						<width>550</width>
						<label>$VAR[MusicLabel2]</label>
						<font>FontSize_20</font>
						<textcolor>88ffffff</textcolor>
						<shadowcolor>77000000</shadowcolor>
		        <selectedcolor>88ffffff</selectedcolor>
					</control>
					<control type="image">
						<left>585</left>
						<top>15</top>
						<width>128</width>
						<height>22</height>
						<texture background="true">$VAR[StarRating]</texture>
						<aspectratio align="right">keep</aspectratio>
						<animation effect="fade" end="80" time="0" condition="true">Conditional</animation>
		        <visible>!ListItem.IsParentFolder</visible>
					</control>
				</itemlayout>
				<focusedlayout width="560" height="260">
					<control type="group">
	          <animation type="Focus" reversible="false" condition="Container(57).OnNext">
	            <effect type="slide" start="0,35" end="0,0" time="450" tween="circle" easing="out" />
	            <effect type="fade" start="20" end="100" time="250" delay="100" tween="sine" easing="out" />
	          </animation>
	          <animation type="Focus" reversible="false" condition="Container(57).OnPrevious">
	            <effect type="slide" start="0,-35" end="0,0" time="450" tween="circle" easing="out" />
	            <effect type="fade" start="20" end="100" time="250" delay="100" tween="sine" easing="out" />
	          </animation>
		        <include>BannersView_Panel</include>
						<control type="image">
							<left>18</left>
							<top>18</top>
							<width>220</width>
							<height>217</height>
							<texture background="true" fallback="thumbs/fallback_square_tp.png">$VAR[VarArtThumbSquare]</texture>
							<aspectratio align="center" aligny="center">scale</aspectratio>
							<bordertexture border="20">thumbs/thumb_border.png</bordertexture>
							<bordersize>6</bordersize>
						</control>
						<control type="image">
							<left>585</left>
							<top>207</top>
							<width>128</width>
							<height>22</height>
						  <texture background="true">$VAR[StarRating]</texture>
							<aspectratio align="right">keep</aspectratio>
              <visible>!ListItem.IsParentFolder</visible>
						</control>
						<control type="label">
							<left>245</left>
							<top>22</top>
							<width>475</width>
							<label>$VAR[MusicLabel]</label>
							<font>FontSize_26</font>
							<textcolor>white</textcolor>
							<align>left</align>
              <visible>!Container.Content(MusicVideos) + !ListItem.IsParentFolder</visible>
						</control>
						<control type="label">
							<left>245</left>
							<top>22</top>
							<width>475</width>
							<label>$INFO[ListItem.Title]</label>
							<font>FontSize_26</font>
							<textcolor>white</textcolor>
							<align>left</align>
              <visible>Container.Content(MusicVideos)</visible>
						</control>
						<control type="label">
							<left>245</left>
							<top>47</top>
							<width>475</width>
							<label>$VAR[MusicLabel2]</label>
							<font>FontSize_20</font>
							<textcolor>99ffffff</textcolor>
				      <selectedcolor>99ffffff</selectedcolor>
							<align>left</align>
						</control>
						<control type="textbox">
							<left>245</left>
							<top>77</top>
							<width>470</width>
							<height>120</height>
						  <align>justify</align>
							<font>TextboxFont_20</font>
							<textcolor>99ffffff</textcolor>
				      <shadowcolor>99000000</shadowcolor>
							<label fallback="195">$VAR[GlobalPlotDescription]</label>
						  <autoscroll delay="8000" time="2000" repeat="8000">Skin.HasSetting(AutoScroll)</autoscroll>
		          <visible>!ListItem.IsParentFolder</visible>
						</control>
						<control type="image">
							<left>245</left>
							<top>205</top>
							<width>40</width>
				            <height>22</height>
				            <colordiffuse>mediaflags</colordiffuse>
				            <aspectratio align="center">keep</aspectratio>					   
							<texture>$VAR[ViewsDef3DFlags]</texture>
						</control>
						<control type="label">
							<left>285</left>
							<top>205</top>
							<height>22</height>
							<width>355</width>
							<textcolor>99ffffff</textcolor>
				      <selectedcolor>99ffffff</selectedcolor>
							<font>FontSize_20</font>
				      <scroll>false</scroll>
							<align>left</align>
							<label>$VAR[BannersListMusicBottomLabel]</label>
			        <animation effect="slide" start="0,0" end="-40,0" time="0" tween="sine" easing="inout" condition="String.IsEmpty(ListItem.VideoResolution)">Conditional</animation>
						</control>
					</control>
				</focusedlayout>
			</control>
			<control type="scrollbar" id="610">
				<left>1010</left>
				<top>125</top>
				<width>6</width>
				<height>480</height>
				<texturesliderbackground/>
				<texturesliderbar border="0,14,0,14">views/scrollbar/scrollbar.png</texturesliderbar>
				<texturesliderbarfocus border="0,14,0,14">views/scrollbar/scrollbar.png</texturesliderbarfocus>
				<textureslidernib/>
				<textureslidernibfocus/>
				<onleft>57</onleft>
				<onright>9444</onright>
				<showonepage>false</showonepage>
				<orientation>vertical</orientation>
			  <animation effect="fade" start="100" end="0" time="250" condition="!Control.HasFocus(610) + !Container.Scrolling">Conditional</animation>
				<visible>Control.IsVisible(57)</visible>
			</control>
			<!-- Logo -->
	        <control type="group">
                <left>1050</left>
			 	<top>625</top>
                <include>MusicLogoArtistViewMusic</include>
		    </control>
		</control>
	</include>	


	<!-- ================================= -->
	<!-- ==== 3D Wall View Music "59" ==== -->
	<!-- ================================= -->
	<include name="3DWallView_Music">
		<control type="group">
			<left>0</left>
			<top>-1</top>
			<visible>Control.IsVisible(59)</visible>
			<control type="image">
	      <include>FullscreenDimensions</include>
				<texture>windows/bg/black.png</texture>
        <include>InfoDialogsVisible_ZoomAnimation</include>
				<animation type="WindowOpen" tween="sine" easing="out">
					<effect type="fade" start="0" end="100" time="1000" />
				</animation>
				<animation type="WindowClose" tween="sine" easing="out">
					<effect type="fade" start="100" end="0" time="1000" delay="1200" />
				</animation>
			</control>
			<control type="group" id="6013">
				<animation effect="rotatex" center="720,12" start="0" end="20" time="0" condition="true">Conditional</animation>
				<animation reversible="false" effect="slide" start="0,0" end="0,-256" time="400" tween="quadratic" easing="out">Hidden</animation>
				<visible>Container.OnNext</visible>
        <include>Includes_OnNext_MusicWall</include>
			</control>
			<control type="group" id="6014">
				<animation effect="rotatex" center="720,12" start="0" end="20" time="0" condition="true">Conditional</animation>
				<animation reversible="false" effect="slide" start="0,0" end="0,256" time="400" tween="quadratic" easing="out">Hidden</animation>
				<visible>Container.OnPrevious</visible>
        <include>Includes_OnPrevious_MusicWall</include>
			</control>
			<control type="group">
				<animation type="WindowOpen" tween="sine" easing="out">
					<effect type="fade" start="0" end="100" time="1000" />
				  <effect type="rotatex" center="720,12" start="0" end="20" time="1000" delay="750" /> -->
				</animation>
				<animation type="WindowClose" tween="sine" easing="out">
					<effect type="rotatex" center="720,12" start="20" end="0" time="1000" />
					<effect type="fade" start="100" end="0" time="1000" delay="800" />
				</animation>
				<visible>!Control.IsVisible(6013) + !Control.IsVisible(6014)</visible>
        <include>Includes_Static_MusicWall</include>
        <include>InfoDialogsVisible_ZoomAnimation</include>
			</control>
		</control>

		<control type="group">
		<visible>Control.IsVisible(59)</visible>

		<control type="group">
            <include>InfoDialogsVisible_FadeAnimation</include>
			<animation effect="fade" start="0" end="100" time="400" tween="sine" easing="out">WindowOpen</animation>
			<animation effect="fade" start="100" end="0" time="2000" tween="sine" easing="out">WindowClose</animation>
			<control type="image">
	            <include>FullscreenDimensions</include>
				<texture background="true">views/wall/wall_mask.png</texture>
			</control>
		</control>
						
			<control type="group">
        <include>InfoDialogsVisible_ZoomAnimation</include>
				<animation reversible="true" effect="zoom" start="100" end="95" center="640,260" time="300" tween="quadratic" easing="in" condition="Control.IsVisible(6013) | Control.IsVisible(6014)">Conditional</animation>
				<control type="image">
					<left>302</left>
					<top>21</top>
					<width>672</width>
					<height>654</height>
					<aspectratio aligny="center" align="center">stretch</aspectratio>
					<texture background="true" colordiffuse="$VAR[Textures.GlobalColor]">$VAR[WallViewsGlows]</texture>
				    <animation type="WindowOpen">
						<effect type="fade" start="0" end="100" time="500" delay="800" tween="sine" easing="out" />
						<effect type="zoom" start="398,108,485,472" end="302,21,672,654" time="1000" delay="750" tween="sine" easing="out" />
					</animation>
					<animation type="WindowClose">
						<effect type="zoom" start="302,21,672,654" end="398,108,485,472" time="1000" delay="0" tween="sine" easing="out" />
						<effect type="fade" start="100" end="0" time="500" delay="650" tween="sine" easing="out" />
					</animation>
				</control>
  			    <control type="image">
					<left>302</left>
					<top>21</top>
					<width>672</width>
					<height>654</height>
					<aspectratio aligny="center" align="center">stretch</aspectratio>
  				     <texture background="true">views/wall/square_arrows.png</texture>
				    <animation type="WindowOpen">
						<effect type="fade" start="0" end="100" time="500" delay="800" tween="sine" easing="out" />
						<effect type="zoom" start="398,108,485,472" end="302,21,672,654" time="1000" delay="750" tween="sine" easing="out" />
					</animation>
					<animation type="WindowClose">
						<effect type="zoom" start="302,21,672,654" end="398,108,485,472" time="1000" delay="0" tween="sine" easing="out" />
						<effect type="fade" start="100" end="0" time="500" delay="650" tween="sine" easing="out" />
		 			</animation>
  		        </control>
				<!-- cdArt view music -->
			    <control type="image"> 
					<left>395</left>
			        <top>105</top>
	                <width>347</width>
				    <height>470</height>
	                <aspectratio align="center" aligny="center" scalediffuse="false">keep</aspectratio>
                    <texture background="true" fallback="osd/cd.png">$VAR[MusicView_CdArt]</texture>
				    <animation type="WindowOpen">
						<effect type="fade" start="0" end="100" time="600" delay="900"  tween="sine" easing="out" />
						<effect type="zoom" start="328,239,164,242" end="285,176,347,470" time="980" delay="750"  tween="sine" easing="out" />
						<effect type="slide" start="327,0" end="0,0" time="980" delay="750" tween="sine" easing="out" />
					</animation>
					<animation type="WindowClose">
						<effect type="zoom" start="285,176,347,470" end="328,239,164,242" time="980" delay="0"  tween="sine" easing="out" />
						<effect type="fade" start="100" end="0" time="500" delay="200"  tween="sine" easing="out" />
						<effect type="slide" start="0,0" end="327,0" time="780" delay="0" tween="sine" easing="out" />
					</animation>
				    <animation type="Conditional" reversible="false" condition="!Container.OnNext + !Container.OnPrevious">
			            <effect type="slide" end="-110,0" center="auto" time="700" delay="100" loop="false" tween="cubic" easing="inout" />
					    <effect type="fade" start="0" end="100" time="300" delay="300" />
		            </animation> 
					<include>cdArtRotateEffect</include>
				    <!-- <visible>![Container.Content(Artists) | Container.Content(Songs) | Window.IsActive(musicplaylist)]</visible> -->
					<visible>![Container.Content(Genres) + !ListItem.IsParentFolder] + !String.IsEmpty(ListItem.Art(thumb)) + !String.IsEqual(Skin.String(OSD.cdArtSelect),Disabled) + !Container.Content(Artists)</visible>
                </control>
				<control type="image">
					<left>460</left>
					<top>161</top>
					<width>356</width>
					<height>356</height>
					<aspectratio aligny="center" align="center" scalediffuse="false">stretch</aspectratio>
					<texture background="true" diffuse="views/wall/square_diffuse.png">$INFO[ListItem.Icon]</texture>
					<animation type="WindowOpen">
						<effect type="fade" start="0" end="100" time="500" delay="500"  tween="sine" easing="out" />
						<effect type="zoom" start="512,210,256,256" end="460,161,356,356" time="1000" delay="750" tween="sine" easing="out" />
					</animation>
					<animation type="WindowClose">
						<effect type="zoom" start="460,161,356,356" end="512,210,256,256" time="1000" delay="0" tween="sine" easing="out" />
						<effect type="fade" start="100" end="0" time="500" delay="800"  tween="sine" easing="out" />
					</animation>
				</control>
				<control type="image">
					<left>460</left>
					<top>161</top>
					<width>356</width>
					<height>356</height>
					<aspectratio aligny="center" align="center">stretch</aspectratio>
					<texture background="true">views/wall/square_overlay.png</texture>
					<animation type="WindowOpen">
						<effect type="fade" start="0" end="100" time="500" delay="500"  tween="sine" easing="out" />
						<effect type="zoom" start="512,210,256,256" end="460,161,356,356" time="1000" delay="750" tween="sine" easing="out" />
					</animation>
					<animation type="WindowClose">
						<effect type="zoom" start="460,161,356,356" end="512,210,256,256" time="1000" delay="0" tween="sine" easing="out" />
						<effect type="fade" start="100" end="0" time="500" delay="800"  tween="sine" easing="out" />
					</animation>
				</control>
				<control type="image">
					<left>460</left>
					<top>161</top>
					<width>356</width>
					<height>356</height>
					<aspectratio aligny="center" align="center">stretch</aspectratio>
					<texture background="true" diffuse="views/wall/square_diffuse.png">$INFO[ListItem(-1).Icon]</texture>
					<animation effect="fade" start="100" end="0" time="200" delay="200" condition="Control.IsVisible(6013)">Conditional</animation>
					<visible>Control.IsVisible(6013) + !String.IsEqual(ListItem(-1).Label,..)</visible>
				</control>
				<control type="image">
					<left>460</left>
					<top>161</top>
					<width>356</width>
					<height>356</height>
					<aspectratio aligny="center" align="center">stretch</aspectratio>
					<texture background="true">views/wall/square_overlay.png</texture>
					<animation effect="fade" start="100" end="0" time="200" delay="200" condition="Control.IsVisible(6013)">Conditional</animation>
					<visible>Control.IsVisible(6013) + !String.IsEqual(ListItem(-1).Label,..)</visible>
				</control>
				<control type="image">
					<left>460</left>
					<top>161</top>
					<width>356</width>
					<height>356</height>
					<aspectratio aligny="center" align="center">stretch</aspectratio>
					<texture background="true" diffuse="views/wall/square_diffuse.png">$INFO[ListItem(1).Icon]</texture>
					<animation effect="fade" start="100" end="0" time="200" delay="200" condition="Control.IsVisible(6014)">Conditional</animation>
					<visible>Control.IsVisible(6014) + !String.IsEqual(ListItem(1).Label,..)</visible>
				</control>
				<!-- Logo -->
	            <control type="group">
                    <left>465</left>
			     	<top>557</top>
                    <include>MusicLogoArtistViewMusic</include>
					<animation effect="fade" start="0" end="100" time="1000" delay="1000" tween="sine" easing="inout">WindowOpen</animation>
			        <animation effect="fade" start="100" end="0" time="800" delay="300" tween="sine" easing="out">WindowClose</animation>
		        </control>
				<control type="image">
					<left>460</left>
					<top>161</top>
					<width>356</width>
					<height>356</height>
					<aspectratio aligny="center" align="center">stretch</aspectratio>
					<texture background="true">views/wall/square_overlay.png</texture>
					<animation effect="fade" start="100" end="0" time="200" delay="200" condition="Control.IsVisible(6014)">Conditional</animation>
					<visible>Control.IsVisible(6014) + !String.IsEqual(ListItem(1).Label,..)</visible>
				</control>
			</control>
		</control>
		<control type="group">
			<control type="fixedlist" id="59">
				<left>25</left>
				<top>165</top>
				<width>1190</width>
				<height>356</height>
				<onleft>9000</onleft>
				<onright>9444</onright>
				<onup>59</onup>
				<ondown>59</ondown>
				<focusposition>3</focusposition>
				<preloaditems>2</preloaditems>
				<viewtype label="31082">Multiple Walls</viewtype>
				<pagecontrol>60</pagecontrol>
			    <scrolltime>200</scrolltime>
				<visible>Container.Content(Albums) | Container.Content(Artists) | Container.Content(Songs)</visible>
				<itemlayout height="356" width="356" />
				<focusedlayout height="356" width="356">
				<control type="image">
					<left>0</left>
					<top>0</top>
					<width>356</width>
					<height>356</height>
					<texture></texture>
				</control>					
				</focusedlayout>
			</control>
		</control>
	</include>

</includes>
